job_id,job_title,job_category,experience_level,skills_core,skills_common,skills_optional,soft_skills
junior_talent_acquisition_specialist,Junior Talent Acquisition Specialist,Staff And Recruiting,Junior,applicant tracking system navigation|candidate sourcing|interview coordination|phone screening|job requirement analysis,boolean searching|email outreach|calendar management|social media recruiting|data accuracy|reference verification,video interview setup|database organization|event assistance|social content creation,clear communication|time management|attention to detail|adaptability
talent_acquisition_specialist,Talent Acquisition Specialist,Staff And Recruiting,Mid,applicant tracking system navigation|candidate sourcing|interview coordination|phone screening|full-cycle recruitment|advanced ats configuration,boolean and x-ray searching|employer value proposition execution|candidate experience optimization|panel interview coordination|basic compensation benchmarking|diversity sourcing techniques,predictive hiring analytics|automation tool integration|campus recruiting programs|assessment platform administration,relationship building|conflict resolution|decision making|coaching and feedback
senior_talent_acquisition_specialist,Senior Talent Acquisition Specialist,Staff And Recruiting,Senior,applicant tracking system navigation|candidate sourcing|interview coordination|phone screening|full-cycle recruitment|strategic workforce planning,advanced recruitment metrics design|employer brand strategy|complex stakeholder management|process optimization|ai-driven sourcing strategies|compliance and legal risk mitigation,global mobility program design|predictive modeling implementation|proprietary algorithm development|thought leadership publishing,executive presence|strategic vision|persuasive influence|emotional intelligence
junior_sourcing_specialist,Junior Sourcing Specialist,Staff And Recruiting,Junior,boolean search fundamentals|candidate outreach and communication|applicant tracking system navigation|initial resume screening|data entry and record keeping,job board utilization|social media prospecting basics|phone screening fundamentals|scheduling and coordination|compliance and confidentiality awareness|calendar and task management|feedback collection,basic spreadsheet formulas|crm software familiarity|entry level industry knowledge|local networking event attendance,attention to detail|proactive learning mindset|reliability and punctuality|clear written communication
sourcing_specialist,Sourcing Specialist,Staff And Recruiting,Mid,boolean search fundamentals|candidate outreach and communication|applicant tracking system navigation|initial resume screening|advanced market mapping|talent pipeline development,xray search techniques|linkedin recruiting optimization|stakeholder relationship management|recruitment metrics tracking|negotiation preparation support|niche community engagement|interview coordination,salesforce recruit or equivalent crms|basic sql or data querying|employer brand content contribution|diversity sourcing initiatives,collaborative problem solving|time management and prioritization|constructive feedback delivery|resilience under pressure
senior_sourcing_specialist,Senior Sourcing Specialist,Staff And Recruiting,Senior,boolean search fundamentals|candidate outreach and communication|applicant tracking system navigation|initial resume screening|talent acquisition strategy design|advanced sourcing framework development,artificial intelligence and automation integration|predictive workforce planning|cost per hire analytics|rpo and vendor contract management|executive stakeholder partnership|process optimization and scaling|market intelligence compilation,custom python scraping scripts|advanced bi dashboard creation|industry conference speaker role|recruitment tech stack architecture,strategic vision and foresight|executive presence and influence|conflict resolution and mediation|adaptive leadership style
junior_technical_recruiter,Junior Technical Recruiter,Staff And Recruiting,Junior,technical sourcing fundamentals|ats proficiency|candidate screening calls|job requisition management|boolean search basics|interview coordination,social media recruiting|email outreach campaigns|calendar management|reference checking|compliance documentation|candidate experience management|basic technical terminology knowledge|interview scheduling software usage,career site management|referral program tracking|job board administration|applicant tracking system reporting|campus recruiting support,active listening|empathy|time management|attention to detail|adaptability
technical_recruiter,Technical Recruiter,Staff And Recruiting,Mid,technical sourcing fundamentals|ats proficiency|candidate screening calls|advanced boolean search|stakeholder management|pipeline development,employer branding collaboration|contract negotiation basics|technical role mapping|diversity recruitment initiatives|data-driven sourcing|market mapping|candidate relationship management,compensation benchmarking|background check coordination|alumni network building|recruiting marketing campaigns|internal mobility facilitation,negotiation persuasion|cross-functional collaboration|problem solving|resilience|clear communication
senior_technical_recruiter,Senior Technical Recruiter,Staff And Recruiting,Senior,technical sourcing fundamentals|ats proficiency|candidate screening calls|advanced boolean search|strategic recruitment planning|team leadership,process architecture and design|hiring workflow optimization|scaling recruitment frameworks|predictive resource modeling|strategic workforce planning|executive stakeholder alignment|departmental capability mapping,crm implementation oversight|predictive hiring modeling|global relocation coordination|university partnership development|internal coaching programs,executive presence|conflict resolution|strategic thinking|mentoring and coaching|decisive leadership
junior_campus_recruiter,Junior Campus Recruiter,Staff And Recruiting,Junior,campus sourcing|applicant tracking systems|resume screening|interview scheduling|candidate communication,university database management|job posting creation|event coordination support|data entry|social media recruiting|reference checking|compliance documentation,campus marketing design|internship program administration|diversity outreach|video interviewing platforms|candidate feedback surveys,active listening|time management|adaptability|attention to detail
campus_recruiter,Campus Recruiter,Staff And Recruiting,Mid,campus sourcing|applicant tracking systems|resume screening|interview scheduling|candidate communication|pipeline management,university partnership development|campus event planning|market intelligence gathering|compensation coordination|metrics reporting|cross-functional collaboration|graduate program coordination,virtual career fair hosting|ai sourcing tools|alumni networking|content creation|predictive analytics,negotiation|problem solving|empathy|decision making
senior_campus_recruiter,Senior Campus Recruiter,Staff And Recruiting,Senior,campus sourcing|applicant tracking systems|resume screening|interview scheduling|candidate communication|recruiting architecture design,university alliance building|workforce planning|team mentoring|budget forecasting|crisis management|executive briefing|program scaling,thought leadership|ecosystem partner integration|automation workflow design|internal mobility mapping|culture assessment,strategic vision|conflict resolution|executive presence|change management
junior_diversity_recruiter,Junior Diversity Recruiter,Staff And Recruiting,Junior,resume screening|candidate outreach|applicant tracking systems|job posting optimization|equal employment opportunity compliance,calendar management|email drafting|data entry accuracy|reference checks|basic networking|scheduling interviews|onboarding coordination,social media sourcing|event attendance|basic crm integration,active listening|empathy|adaptability|cultural awareness
diversity_recruiter,Diversity Recruiter,Staff And Recruiting,Mid,resume screening|candidate outreach|applicant tracking systems|diverse talent pipeline development|inclusive interview structuring,recruiting metrics analysis|campus relations|employee referral program management|diversity community engagement|contract negotiation basics|interview feedback synthesis|market mapping|stakeholder reporting,ai sourcing tools|video interviewing platforms|alumni network management|benefits counseling|localization support,stakeholder management|conflict resolution|persuasive communication|coaching mindset|time management
senior_diversity_recruiter,Senior Diversity Recruiter,Staff And Recruiting,Senior,resume screening|candidate outreach|applicant tracking systems|diverse talent pipeline development|inclusive interview structuring|diversity equity inclusion strategy,recruitment analytics dashboarding|vendor and agency oversight|compensation benchmarking|hr business partner collaboration|talent acquisition operations|employer branding alignment|change management,predictive hiring modeling|global mobility strategy|ai-driven bias detection|executive search methodology|organizational psychology application,strategic leadership|cross-cultural negotiation|executive presence|mentoring and delegation|systems thinking
junior_recruitment_marketing_specialist,Junior Recruitment Marketing Specialist,Staff And Recruiting,Junior,content creation|social media management|email marketing|crm management,campaign tracking|hr tech familiarity|graphic design basics|competitor analysis|event support|copywriting fundamentals|performance reporting,video editing|ai content generation|localization for global roles|accessibility auditing,attention to detail|adaptability|time management|receptive to feedback|collaborative communication
recruitment_marketing_specialist,Recruitment Marketing Specialist,Staff And Recruiting,Mid,content creation|social media management|email marketing|crm management|marketing automation,campaign strategy|marketing analytics|ab testing|cross-channel coordination|applicant tracking systems|vendor management|stakeholder liaison,programmatic advertising|influencer partnerships|interactive content development|predictive modeling,proactive problem solving|conflict resolution|presentation skills|mentoring capability
senior_recruitment_marketing_specialist,Senior Recruitment Marketing Specialist,Staff And Recruiting,Senior,content creation|social media management|email marketing|crm management|marketing automation|strategic employer branding,organizational marketing alignment|advanced data visualization|budget forecasting|data privacy compliance|market trend analysis|crisis communication|multi-market scaling,thought leadership development|marketing tech stack integration|employee advocacy platform deployment|career portal experience design,executive coaching|strategic negotiation|change leadership|cross-cultural communication
junior_internal_mobility_specialist,Junior Internal Mobility Specialist,Staff And Recruiting,Junior,hris data management|internal job posting creation|basic talent screening|interview coordination,career aspiration mapping|training resource referral|departmental networking facilitation|knowledge base maintenance|exit trend documentation,succession planning fundamentals|internal mentoring coordination|competency framework familiarization|learning management system navigation,active listening|empathetic communication|problem solving orientation|adaptability
internal_mobility_specialist,Internal Mobility Specialist,Staff And Recruiting,Mid,hris data management|internal job posting creation|basic talent screening|interview coordination|internal mobility pipeline management,internal candidate pipeline development|cross-functional role mapping|retention strategy implementation|mobility metrics reporting|employer branding campaigns|professional development coaching,predictive attrition modeling|artificial intelligence assisted matching|gamified career tools|organizational network analysis,collaborative negotiation|stakeholder influencing|emotional intelligence|decisive judgment
senior_internal_mobility_specialist,Senior Internal Mobility Specialist,Staff And Recruiting,Senior,hris data management|internal job posting creation|basic talent screening|interview coordination|internal mobility pipeline management|strategic mobility architecture design,enterprise mobility ecosystem design|advanced workforce analytics|executive compensation alignment|global mobility policy formulation|talent supply chain optimization|cultural transformation leadership,generative artificial intelligence workflow integration|blockchain credential validation|behavioral economics application|sustainable pipeline modeling,visionary leadership|strategic consensus building|high-level diplomatic communication|resilience under ambiguity
junior_workforce_planning_analyst,Junior Workforce Planning Analyst,Staff And Recruiting,Junior,excel proficiency|basic data analysis|hris navigation|recruitment metric tracking|standard reporting creation,data entry accuracy|job description parsing|candidate pipeline monitoring|microsoft office suite|cross-department communication|basic statistical concepts,python scripting basics|bi tool familiarity|ai screening awareness|supply chain labor knowledge,attention to detail|eagerness to learn|active listening|time management
workforce_planning_analyst,Workforce Planning Analyst,Staff And Recruiting,Mid,excel proficiency|basic data analysis|hris navigation|recruitment metric tracking|standard reporting creation|sql querying,workforce demand forecasting|labor market benchmarking|hris automation workflows|cost-per-hire analysis|presentation drafting|stakeholder update meetings|compliance tracking,predictive modeling software|r programming|machine learning fundamentals|compensation band mapping,problem solving|adaptability|conflict resolution|cross-functional collaboration|decision making under pressure
senior_workforce_planning_analyst,Senior Workforce Planning Analyst,Staff And Recruiting,Senior,excel proficiency|basic data analysis|hris navigation|recruitment metric tracking|standard reporting creation|sql querying|strategic workforce architecture,organizational design strategy|executive stakeholder management|scenario planning models|talent acquisition economics|change management frameworks|vendor negotiation tactics|global mobility compliance,generative ai prompting|digital twin workforce simulation|equity compensation modeling|union contract analysis,strategic vision|executive presence|complex problem solving|mentoring and coaching|influence without authority
executive_search_consultant,Executive Search Consultant,Staff And Recruiting,Mid,executive search methodologies|stakeholder management|candidate sourcing strategies|market mapping,industry vertical specialization|crm database management|pipeline optimization|client advisory services|compensation benchmarking|social recruiting tactics|confidentiality protocols,ai sourcing algorithms|global talent mobility|employer branding alignment|psychometric assessment integration,active listening|emotional intelligence|persuasive communication|cultural adaptability
senior_executive_search_consultant,Senior Executive Search Consultant,Staff And Recruiting,Senior,executive search methodologies|stakeholder management|candidate sourcing strategies|market mapping|executive succession design|organizational capability modeling,strategic partnership development|revenue forecasting|team mentorship|process architecture design|enterprise client acquisition|risk mitigation frameworks|cross-functional alignment,executive coaching certification|diversity equity inclusion strategy|predictive workforce analytics|organizational transformation consulting|board advisory engagement,negotiation diplomacy|change leadership|conflict resolution|strategic empathy
client_relationship_manager,Client Relationship Manager,Staff And Recruiting,Mid,client account management|recruitment lifecycle knowledge|staffing crm proficiency|quota attainment|client needs assessment,pipeline management|pricing and margin analysis|contract renewal tracking|market trend reporting|cross-functional collaboration|interview coordination support|performance metrics tracking,specialized compliance knowledge|crm customization skills|competitive landscape mapping|event marketing participation|data visualization basics,active listening|problem solving|time management|adaptability|professional communication
senior_client_relationship_manager,Senior Client Relationship Manager,Staff And Recruiting,Senior,client account management|recruitment lifecycle knowledge|staffing crm proficiency|quota attainment|client needs assessment,market penetration strategy|cross-functional team leadership|workforce planning alignment|client retention optimization|complex stakeholder management|pricing model architecture|risk mitigation planning|industry benchmark analysis,international market expansion|ai-driven talent matching oversight|thought leadership publication|m&a due diligence support|strategic partnership development,executive presence|conflict resolution|strategic foresight|collaborative leadership|resilience under pressure
rpo_delivery_manager,RPO Delivery Manager,Staff And Recruiting,Mid,end-to-end recruiting lifecycle|rpo project management|sla and kpi monitoring|ats configuration and reporting|candidate relationship management|client requirement analysis,workforce capacity planning|interview coordination workflows|employment law compliance basics|recruitment metric reporting|vendor onboarding procedures|quality assurance auditing|feedback loop management,social recruiting platform management|event hiring logistics|reference checking automation|crm segmentation tactics|video interviewing setup,active listening|time management|collaborative problem solving|client-facing professionalism|resilience under tight deadlines
senior_rpo_delivery_manager,Senior RPO Delivery Manager,Staff And Recruiting,Senior,strategic workforce architecture|enterprise rpo portfolio management|sla and kpi governance|ats system architecture|candidate pipeline optimization|client executive partnership,predictive talent analytics|global compliance and regulatory strategy|budget allocation and roi tracking|change management frameworks|supplier network optimization|process automation strategy|risk assessment and mitigation,industry benchmarking analysis|ai-driven sourcing ecosystem design|de&i organizational strategy|knowledge management systems|thought leadership content creation,executive presence|strategic visioning|high-stakes negotiation|coaching and mentorship|cross-cultural leadership
recruiting_operations_manager,Recruiting Operations Manager,Staff And Recruiting,Mid,recruitment operations workflow optimization|ats administration and configuration|recruitment analytics and reporting|candidate pipeline management|interview coordination and scheduling|compliance and audit documentation,job requisition tracking|kpi dashboard creation|vendor coordination and onboarding|hris integration support|process mapping and documentation|recruitment marketing tools|quality of hire measurement,ai sourcing platform navigation|predictive hiring model application|event logistics coordination|employer branding campaign support,cross-functional stakeholder communication|time and priority management|conflict resolution and mediation|adaptability to changing priorities
senior_recruiting_operations_manager,Senior Recruiting Operations Manager,Staff And Recruiting,Senior,strategic recruitment planning|technology stack architecture|end-to-end process design|executive reporting and insights|organizational change management|talent acquisition budget oversight,vendor contract negotiation|data governance frameworks|scalability strategy implementation|cross-departmental alignment|risk mitigation protocols|advanced workforce planning|continuous improvement methodologies,global mobility operations|predictive analytics deployment|custom api integrations|thought leadership publishing,executive presence|influence without authority|strategic decision making|empathy-driven leadership
senior_recruitment_principal,Senior Recruitment Principal,Staff And Recruiting,Senior,strategic business development|executive search methodology|talent acquisition strategy|revenue growth and account management|cross-functional team leadership|market analysis and forecasting,client relationship management|employer branding strategy|recruitment technology stack administration|data-driven recruiting metrics|compliance and employment law awareness|stakeholder management|process optimization|vendor and contingent labor management,ai-driven sourcing automation|diversity equity and inclusion hiring initiatives|global mobility and relocation coordination|university and alumni pipeline development|crisis workforce planning,executive presence|negotiation and persuasion|mentorship and coaching|adaptive communication|conflict resolution
junior_staffing_coordinator,Junior Staffing Coordinator,Staff And Recruiting,Junior,resume screening|interview scheduling|applicant tracking system navigation|candidate communication|data entry,calendar management|database maintenance|email correspondence|reference checking|compliance documentation|administrative support|basic reporting,social media sourcing|payroll administration basics|event coordination|market research|template creation,attention to detail|time management|adaptability|problem solving|customer service orientation
talent_partner,Talent Partner,Staff And Recruiting,Mid,full-cycle recruiting|candidate sourcing|applicant tracking systems|client relationship management|talent market mapping,boolean search techniques|job board optimization|candidate assessment frameworks|interview coordination|employment law compliance|offer letter preparation|crm software proficiency,employer branding initiatives|social media recruiting|background verification processes|diversity and inclusion sourcing,active listening|time management|persuasive communication|adaptability
senior_talent_partner,Senior Talent Partner,Staff And Recruiting,Senior,full-cycle recruiting|candidate sourcing|applicant tracking systems|client relationship management|talent market mapping|strategic account management,executive search methodologies|cross-functional team leadership|data-driven recruitment analytics|vendor management|compensation benchmarking|talent acquisition process design|stakeholder alignment,predictive hiring modeling|global talent mobility strategy|ai-powered recruiting tools|employee lifecycle consulting,strategic thinking|conflict resolution|mentorship capability|executive presence
junior_registered_nurse,Junior Registered Nurse,Hospital And Health Care,Junior,patient assessment|medication administration|vital signs monitoring|electronic health record documentation|infection control protocols,wound care management|patient education delivery|care plan implementation|interdisciplinary communication|emergency response readiness|unit workflow organization,phlebotomy techniques|telehealth support setup|palliative care fundamentals|pediatric nursing basics,active listening|empathy|adaptability|professionalism
registered_nurse,Registered Nurse,Hospital And Health Care,Mid,patient assessment|medication administration|vital signs monitoring|electronic health record documentation|infection control protocols,chronic disease management|triage prioritization|care plan development|team coordination|mentorship of junior staff|conflict resolution|clinical guideline application,acute coronary syndrome protocols|ventilator management|pre-operative assessments|quality improvement project participation,decisive communication|situational awareness|collaborative leadership|emotional intelligence
senior_registered_nurse,Senior Registered Nurse,Hospital And Health Care,Senior,patient assessment|medication administration|vital signs monitoring|electronic health record documentation|infection control protocols,clinical pathway design|nurse-led initiatives|advanced triage optimization|data-driven decision making|cross-departmental collaboration|performance evaluation frameworks|resource allocation planning,simulation-based training design|healthcare policy drafting|telehealth program oversight|research methodology application,strategic vision|stakeholder negotiation|crisis leadership|ethical reasoning
junior_medical_laboratory_scientist,Junior Medical Laboratory Scientist,Hospital And Health Care,Junior,specimen collection and handling|hematology testing|clinical chemistry analysis|basic quality control procedures|laboratory information system data entry,microscopic examination|urinalysis testing|reagent preparation|sample centrifugation|infection control protocols|medical terminology,molecular diagnostic basics|point-of-care testing support|phlebotomy certification|digital microscopy scanning,attention to detail|communication with clinical staff|time management|adaptability
medical_laboratory_scientist,Medical Laboratory Scientist,Hospital And Health Care,Mid,specimen collection and handling|hematology testing|clinical chemistry analysis|basic quality control procedures|laboratory information system data entry|proficiency testing oversight,advanced microscopic diagnostics|immunohematology compatibility testing|statistical process control|equipment preventive maintenance|regulatory documentation|client consultation|inventory management,next-generation sequencing operations|automated liquid handling systems|bioinformatics data interpretation|lean laboratory implementation,analytical problem solving|mentorship delivery|cross-departmental collaboration|stress resilience
senior_medical_laboratory_scientist,Senior Medical Laboratory Scientist,Hospital And Health Care,Senior,specimen collection and handling|hematology testing|clinical chemistry analysis|basic quality control procedures|laboratory information system data entry|workflow architecture design,strategic resource allocation|complex case consultation|performance metric optimization|policy development|stakeholder engagement|continuous improvement methodologies|diagnostic innovation,telehealth laboratory integration|ai-driven diagnostic modeling|grant writing for research|clinical trial support|global laboratory networking,executive decision making|organizational leadership|conflict resolution|change management|visionary planning
junior_respiratory_therapist,Junior Respiratory Therapist,Hospital And Health Care,Junior,oxygen therapy administration|ventilator setup and monitoring|airway management|spirometry and pulmonary function testing|medical documentation and charting,infection control protocols|suctioning techniques|nebulizer treatments|arterial blood gas sampling|equipment maintenance and troubleshooting|pediatric respiratory care basics|emergency response awareness,sleep study setup|tracheostomy care basics|critical care rotation experience|respiratory pharmacology fundamentals|telemonitoring systems,active listening|empathy and compassion|attention to detail|teamwork|adaptability
respiratory_therapist,Respiratory Therapist,Hospital And Health Care,Mid,oxygen therapy administration|ventilator setup and monitoring|airway management|spirometry and pulmonary function testing|medical documentation and charting|complex ventilator weaning strategies,arterial blood gas analysis|bronchoscopy assistance|respiratory pharmacology administration|trauma and burn unit protocols|multidisciplinary care coordination|evidence-based practice implementation,ecmo cannulation support|neonatal intensive care specialization|quality assurance auditing|telehealth respiratory consultation|clinical trial data collection,clinical judgment|conflict resolution|time management|professional communication|emotional resilience
senior_respiratory_therapist,Senior Respiratory Therapist,Hospital And Health Care,Senior,oxygen therapy administration|ventilator setup and monitoring|airway management|spirometry and pulmonary function testing|medical documentation and charting|respiratory program architecture and design,staff mentoring and competency evaluation|clinical protocol development|cross-departmental policy alignment|healthcare analytics integration|regulatory compliance oversight|continuing education curriculum design|quality improvement methodology,academic appointment capabilities|medical device innovation consulting|international standards certification|predictive modeling for respiratory outbreaks|strategic budget forecasting,strategic vision|stakeholder influence|executive presence|adaptive leadership|ethical decision-making
junior_clinical_research_coordinator,Junior Clinical Research Coordinator,Hospital And Health Care,Junior,gcp compliance|medical terminology|subject recruitment|edc data entry|tmf organization,literature searching|data cleaning|appointment scheduling|lab sample tracking|insurance verification|meeting minutes documentation,basic r programming|cioms forms completion|travel logistics coordination|digital health app onboarding,attention to detail|active listening|time management|adaptability
clinical_research_coordinator,Clinical Research Coordinator,Hospital And Health Care,Mid,gcp compliance|medical terminology|subject recruitment|edc data entry|tmf organization|adverse event monitoring,clinical trial phase management|statistical software basics|site initiation procedures|quality control checks|grant compliance reporting|remote monitoring tools|risk-based monitoring implementation,saed reporting|efm systems configuration|protocol amendment drafting|telemedicine trial facilitation|patient retention modeling,problem solving|conflict resolution|mentorship delivery|stakeholder engagement
senior_clinical_research_coordinator,Senior Clinical Research Coordinator,Hospital And Health Care,Senior,gcp compliance|medical terminology|subject recruitment|edc data entry|tmf organization|adverse event monitoring|multi-site regulatory auditing,clinical research methodology design|cross-functional team leadership|budget forecasting|vendor contract negotiation|inspection defense coordination|predictive analytics for recruitment|regulatory strategy development,real world evidence integration|centralized irb management|global trial alignment|machine learning data validation|clinical operations architecture,strategic vision|executive presence|negotiation mastery|crisis leadership|cross-cultural collaboration
junior_health_services_manager,Junior Health Services Manager,Hospital And Health Care,Junior,healthcare administration fundamentals|electronic health records navigation|basic regulatory compliance|operational scheduling,patient service standards|medical terminology|shift coordination|incident documentation|quality checklists|inventory tracking|interdepartmental liaison,lean methodology awareness|grant application drafting|telehealth platform navigation|community health outreach,attention to detail|active listening|adaptability|empathy|time management
health_services_manager,Health Services Manager,Hospital And Health Care,Mid,healthcare administration fundamentals|electronic health records navigation|basic regulatory compliance|operational scheduling|departmental performance oversight,budget forecasting|clinical workflow optimization|policy implementation|risk assessment and mitigation|vendor contract negotiation|quality improvement frameworks|staff training coordination,healthcare analytics platforms|value-based care models|digital transformation initiatives|patient experience design|accreditation preparation,conflict resolution|cross-functional collaboration|decisive problem solving|coaching and mentoring|stress tolerance
senior_health_services_manager,Senior Health Services Manager,Hospital And Health Care,Senior,healthcare administration fundamentals|electronic health records navigation|basic regulatory compliance|operational scheduling|departmental performance oversight|organizational strategy design,clinical governance frameworks|capital project planning|stakeholder relationship management|system-wide quality metrics|crisis management protocols|talent acquisition strategy,ai-driven operational modeling|predictive capacity planning|multi-site expansion strategy|public-private partnership development,visionary leadership|executive communication|ethical judgment|strategic negotiation
junior_pharmacy_technician,Junior Pharmacy Technician,Hospital And Health Care,Junior,medication dispensing|inventory management|prescription processing|regulatory compliance,insurance verification|pharmacy software navigation|patient data entry|dosage calculation|supply ordering|equipment maintenance,intravenous admixture certification|geriatric pharmacology basics|pediatric dosing support|radiation safety awareness,attention to detail|teamwork|time management|customer service orientation
pharmacy_technician,Pharmacy Technician,Hospital And Health Care,Mid,medication dispensing|inventory management|prescription processing|regulatory compliance|advanced sterile compounding,automated dispensing cabinet management|formulary management|clinical documentation|cross-departmental communication|inventory forecasting|adverse event reporting|workflow optimization,chemotherapy handling certification|informatics training|research project assistance|regulatory audit preparation,mentorship|problem solving|adaptability|conflict resolution
senior_pharmacy_technician,Senior Pharmacy Technician,Hospital And Health Care,Senior,medication dispensing|inventory management|prescription processing|regulatory compliance|advanced sterile compounding|pharmacy operations leadership,departmental scheduling|budget oversight|vendor negotiations|staff training program design|complex inventory system architecture|risk management frameworks,advanced analytics configuration|predictive shortage modeling|telehealth pharmacy integration,strategic thinking|executive communication|change management|collaborative leadership
junior_medical_social_worker,Junior Medical Social Worker,Hospital And Health Care,Junior,psychosocial assessment|medical terminology|hipaa compliance|ehr documentation,patient intake procedures|discharge planning fundamentals|resource referral networks|insurance preauthorization basics|interdisciplinary communication|progress note writing,grief counseling basics|community outreach experience|grant writing fundamentals|bilingual skills,active listening|empathy|adaptability|cultural sensitivity
medical_social_worker,Medical Social Worker,Hospital And Health Care,Mid,psychosocial assessment|medical terminology|hipaa compliance|ehr documentation|complex case management,advanced discharge planning|crisis intervention protocols|multidisciplinary team facilitation|utilization review support|treatment plan development|peer consultation coordination|regulatory compliance tracking,palliative care coordination|telehealth service delivery|research methodology basics|policy analysis for healthcare,conflict resolution|decision making|collaborative leadership|emotional resilience
senior_medical_social_worker,Senior Medical Social Worker,Hospital And Health Care,Senior,psychosocial assessment|medical terminology|hipaa compliance|ehr documentation|complex case management|clinical supervision,system-level advocacy|quality improvement metrics|budget management for social services|data-driven practice optimization|cross-departmental initiative leadership|mentorship program development|advanced psychotherapy modalities|healthcare policy formulation,academic teaching credentials|international health equity projects|legislative lobbying experience|digital health integration strategy,visionary leadership|strategic thinking|change management|executive presence
junior_diagnostic_medical_sonographer,Junior Diagnostic Medical Sonographer,Hospital And Health Care,Junior,ultrasound machine operation|standard anatomical scanning|patient positioning and comfort|pacs workflow documentation,cross-sectional anatomy navigation|radiology communication workflows|equipment calibration checks|emergency response protocols|workflow prioritization|patient history intake|regulatory compliance awareness|continuing education tracking,pediatric imaging assistance|contrast-enhanced ultrasound basics|research study participation|multilingual patient communication|preventive maintenance logging,attention to detail|empathy|adaptability|active listening|time management
diagnostic_medical_sonographer,Diagnostic Medical Sonographer,Hospital And Health Care,Mid,ultrasound machine operation|standard anatomical scanning|patient positioning and comfort|pacs workflow documentation|advanced doppler applications,cross-sectional anatomy navigation|radiology communication workflows|equipment calibration checks|emergency response protocols|multi-specialty protocol adaptation|clinical troubleshooting|performance metric review,elastography application|3d/4d volume rendering|contrast agent administration certification|clinical trial coordination|telemedicine sonography support,critical thinking|conflict resolution|collaborative teamwork|stress tolerance|mentorship readiness
senior_diagnostic_medical_sonographer,Senior Diagnostic Medical Sonographer,Hospital And Health Care,Senior,ultrasound machine operation|standard anatomical scanning|patient positioning and comfort|pacs workflow documentation|advanced doppler applications|quality assurance oversight,cross-sectional anatomy navigation|radiology communication workflows|staff training curriculum development|budget and supply chain management|regulatory audit preparation|complex case consultation leadership|aium/accreditation liaison|vendor technology evaluation,point-of-care ultrasound program leadership|academic publishing contribution|international accreditation standards implementation|ai/image analysis tool integration|interventional radiology sonography support,strategic decision making|cross-functional leadership|change management|executive communication|ethical judgment
infection_preventionist,Infection Preventionist,Hospital And Health Care,Mid,infection surveillance|epidemiological data analysis|infection prevention protocol implementation|electronic health record navigation|federal and state regulatory compliance|antimicrobial stewardship coordination,direct patient care observation|contact tracing procedures|environmental hygiene auditing|clinical staff training delivery|incident reporting documentation|interdisciplinary team coordination|healthcare waste management guidelines|quality improvement cycles,point-of-care testing interpretation|biostatistics software proficiency|international healthcare standards familiarity|simulation-based training design|sustainability-focused infection control measures,analytical reasoning|meticulous attention to detail|proactive communication|collaborative problem solving
senior_infection_preventionist,Senior Infection Preventionist,Hospital And Health Care,Senior,advanced infection program leadership|strategic policy architecture|complex outbreak command and mitigation|executive-level decision making|enterprise-wide data ecosystem design|regulatory negotiation and accreditation leadership,mentorship and clinical education|cross-departmental quality initiatives|advanced root cause analysis|vendor and technology evaluation|grant writing and funding acquisition|public health agency liaison|continuous professional development facilitation,predictive analytics implementation|global health security framework application|academic publication guidance|ai-driven surveillance tool customization|patient safety advocacy networks,strategic visioning|authoritative communication|conflict resolution|adaptive leadership
director_of_nursing,Director of Nursing,Hospital And Health Care,Mid,operational management|clinical governance|regulatory compliance|budget management,staff scheduling|ehr platforms|root cause analysis|interdisciplinary collaboration|policy development|risk mitigation|patient satisfaction metrics|performance coaching,accreditation readiness|nurse residency program design|electronic health record optimization|clinical pathway standardization|interprofessional education coordination,conflict resolution|emotional intelligence|adaptive leadership|clear communication|critical thinking
senior_director_of_nursing,Senior Director of Nursing,Hospital And Health Care,Senior,operational management|clinical governance|regulatory compliance|strategic resource allocation|health information architecture|clinical service line design,executive stakeholder engagement|population health management|organizational change architecture|healthcare economics|crisis command|board-level reporting|vendor contract negotiation|digital ecosystem integration,value-based care model design|predictive workforce analytics|global healthcare benchmarking|pharmacovigilance oversight|community health network design,visionary leadership|executive presence|high-stakes negotiation|adaptability|systems thinking
senior_chief_medical_officer,Senior Chief Medical Officer,Hospital And Health Care,Senior,clinical governance and medical staff leadership|regulatory compliance and accreditation management|quality improvement and patient safety systems|strategic clinical operations and service line design|evidence-based practice standardization|clinical budgeting and financial stewardship,health information technology and ehr optimization|population health and value-based care execution|physician engagement and workforce retention|institutional risk management and liability mitigation|multidisciplinary care pathway architecture|research translation and innovation pipeline management|community health needs assessment and strategic partnerships,digital health ecosystem and telehealth scale-up|global health security and outbreak response planning|academic affiliation and graduate medical education oversight|ai-driven clinical decision support integration|biomedical capital asset and facility lifecycle planning,executive presence and c-suite communication|adaptive conflict resolution and stakeholder alignment|empathetic physician advocacy and cultural transformation|visionary change management and organizational resilience|high-stakes ethical decision-making under ambiguity
health_information_manager,Health Information Manager,Hospital And Health Care,Mid,ehr system administration|hipaa compliance management|icd-10 and cpt coding standards|health records lifecycle management,clinical documentation improvement|healthcare data quality assurance|revenue cycle workflow optimization|regulatory reporting procedures|ehr end-user training|cross-departmental process mapping|health information project coordination,telehealth documentation protocols|sql for healthcare data extraction|patient portal system administration,collaborative problem solving|meticulous attention to detail|adaptive communication
senior_health_information_manager,Senior Health Information Manager,Hospital And Health Care,Senior,ehr system administration|hipaa compliance management|icd-10 and cpt coding standards|health records lifecycle management|enterprise health data governance,health informatics systems architecture|strategic clinical data analytics|vendor and it contract negotiation|departmental financial budgeting|enterprise interoperability design|health informatics policy development|advanced clinical workflow engineering,ai-assisted documentation implementation|fhir standard integration|predictive population health modeling,executive stakeholder alignment|strategic change leadership|cross-functional team mentorship|high-stakes decision making
junior_medical_biller_and_coder,Junior Medical Biller and Coder,Hospital And Health Care,Junior,icd-10-cm coding|cpt coding fundamentals|medical terminology|hipaa compliance basics,ehr navigation basics|insurance verification processes|data entry accuracy|basic accounts receivable tracking|payer policy familiarity|patient billing inquiries,cpc-a exam preparation|basic healthcare data entry|telehealth billing exposure,attention to detail|time management|adaptability|active listening
medical_biller_and_coder,Medical Biller and Coder,Hospital And Health Care,Mid,icd-10-cm coding|cpt coding fundamentals|medical terminology|hipaa compliance basics|claims denial management,advanced ehr navigation|medical record auditing|accounts receivable aging analysis|payer contract navigation|cross-departmental workflow coordination|complex claims resolution,cpc certification|healthcare data analytics tools|practice management software configuration|advanced payer network knowledge,problem solving|conflict resolution|professional communication|stress tolerance
senior_medical_biller_and_coder,Senior Medical Biller and Coder,Hospital And Health Care,Senior,icd-10-cm coding|cpt coding fundamentals|medical terminology|hipaa compliance basics|claims denial management|revenue cycle optimization,enterprise ehr system architecture|comprehensive audit monitoring|strategic denial prevention|advanced revenue cycle metrics analysis|regulatory compliance oversight|billing system integration design,certified professional coding specialist certification|healthcare ai automation implementation|healthcare change management|value-based care billing models,strategic thinking|team leadership|executive communication|mentorship
junior_physical_therapist,Junior Physical Therapist,Hospital And Health Care,Junior,patient evaluation|therapeutic exercise prescription|electronic health record documentation|patient safety protocols,manual therapy techniques|gait training|modality application|interdisciplinary collaboration|vital signs monitoring|discharge planning|home exercise programming,dry needling basics|aquatic therapy fundamentals|sports taping|pediatric therapy exposure,active listening|empathy|time management|adaptability
physical_therapist,Physical Therapist,Hospital And Health Care,Mid,patient evaluation|therapeutic exercise prescription|electronic health record documentation|patient safety protocols|complex case management,advanced manual therapy|neurological rehabilitation|wound care management|telehealth delivery|quality improvement participation|clinical mentoring|specialty certification preparation|insurance authorization processes,certified vestibular rehabilitation|chronic pain specialization|ergonomic assessment consulting|clinical research participation,conflict resolution|patient education delivery|team collaboration|stress management|professional communication
senior_physical_therapist,Senior Physical Therapist,Hospital And Health Care,Senior,patient evaluation|therapeutic exercise prescription|electronic health record documentation|patient safety protocols|complex case management|clinical program design,specialized neurological rehabilitation techniques|interdepartmental care coordination|policy and compliance management|staff training and development|budget and resource allocation|patient advocacy|advanced clinical reasoning|accreditation standards compliance,fellowship program direction|healthcare technology integration|clinical pathway development|grant writing and funding,executive communication|change management|mentorship and coaching|strategic thinking|stakeholder negotiation
junior_cardiovascular_technologist,Junior Cardiovascular Technologist,Hospital And Health Care,Junior,advanced cardiac life support|sterile field management|hemodynamic monitoring|patient preparation and positioning,c-arm operation|radiation safety protocols|ecg acquisition and interpretation|medical terminology|electronic health record documentation|intravenous line assistance,basic echocardiography support|cardiovascular pharmacology knowledge|supply inventory tracking,attention to detail|effective communication|stress tolerance|team collaboration
cardiovascular_technologist,Cardiovascular Technologist,Hospital And Health Care,Mid,advanced cardiac life support|sterile field management|hemodynamic monitoring|patient preparation and positioning|interventional procedure assistance,advanced hemodynamic waveform analysis|electrophysiology lab navigation|intravascular ultrasound operation|fractional flow reserve assessment|cardiac rhythm management support|contrast media administration|equipment troubleshooting,vascular ultrasound fundamentals|clinical research data collection|pediatric cardiac care exposure|quality improvement project participation,clinical decision-making|interdisciplinary coordination|time prioritization|patient advocacy|constructive feedback delivery
senior_cardiovascular_technologist,Senior Cardiovascular Technologist,Hospital And Health Care,Senior,advanced cardiac life support|sterile field management|hemodynamic monitoring|patient preparation and positioning|interventional procedure assistance|complex structural heart interventions,advanced hemodynamic interpretation|lead electrophysiologist collaboration|ivus and oct advanced imaging|hemodynamic lab management|contrast nephropathy prevention protocols|regulatory compliance auditing|advanced cardiac device implantation support|crisis resource management,multicenter trial principal coordination|vendor relationship management|academic curriculum development|healthcare informatics integration|telemedicine cardiology support,strategic leadership|cross-functional team mentoring|change management|conflict resolution|executive-level communication
junior_financial_analyst,Junior Financial Analyst,Financial Service,Junior,financial statement analysis|gaap accounting principles|advanced excel modeling|variance analysis,basic sql queries|financial reporting standards|data cleansing techniques|microsoft powerpoint|basic statistical analysis|erp systems navigation,tableau desktop|basic python scripting|vba macros,effective written communication|active listening|time management|collaborative teamwork
financial_analyst,Financial Analyst,Financial Service,Mid,financial statement analysis|gaap accounting principles|advanced excel modeling|variance analysis|financial forecasting and budgeting,intermediate sql and data manipulation|business intelligence tools|financial compliance and risk assessment|scenario and sensitivity analysis|cross-functional project coordination|cost-benefit analysis|stakeholder presentation skills,sql server integration services|r programming|bloomberg terminal|advanced tableau,negotiation skills|critical thinking|mentorship and coaching|conflict resolution|strategic communication
senior_financial_analyst,Senior Financial Analyst,Financial Service,Senior,financial statement analysis|gaap accounting principles|advanced excel modeling|variance analysis|financial forecasting and budgeting|strategic capital allocation,advanced financial architecture and modeling|portfolio management strategies|regulatory compliance oversight|merger and acquisition analysis|team leadership and resource allocation|executive reporting dashboards|market risk modeling,monte carlo simulation|algorithmic trading concepts|corporate governance frameworks|advanced data engineering pipelines,executive presence|change management|decision-making under uncertainty|visionary leadership|cross-departmental influence
junior_investment_banker,Junior Investment Banker,Financial Service,Junior,financial modeling|dcf valuation|financial statement analysis|accounting principles,pitchbook creation|advanced excel|market research|bloomberg terminal|due diligence support|corporate finance basics|data visualization,python for finance|basic sql|power bi|capital iq,time management|analytical thinking|adaptability|attention to detail
investment_banker,Investment Banker,Financial Service,Mid,financial modeling|dcf valuation|financial statement analysis|accounting principles|deal execution,pitchbook strategy|due diligence management|term sheet analysis|client presentations|regulatory compliance|capital markets operations,vba automation|leveraged finance|m&a advisory|esg investing,negotiation skills|stakeholder management|cross-functional collaboration|problem-solving
senior_investment_banker,Senior Investment Banker,Financial Service,Senior,financial modeling|dcf valuation|financial statement analysis|accounting principles|deal execution|capital structure design,strategic advisory|deal sourcing|risk management frameworks|board-level communication|global market trends|institutional networking|regulatory strategy,fintech integration|distressed debt restructuring|geopolitical risk assessment|quantitative risk modeling,executive presence|strategic vision|conflict resolution|talent development
portfolio_manager,Portfolio Manager,Financial Service,Mid,portfolio construction|asset allocation|risk management|performance attribution,financial modeling|investment research|market analysis|regulatory compliance|client reporting|portfolio management software,alternative investments|esg integration|derivatives trading|fixed income analysis,client relationship management|analytical thinking|clear communication|attention to detail
senior_portfolio_manager,Senior Portfolio Manager,Financial Service,Senior,portfolio construction|asset allocation|risk management|performance attribution|strategic asset allocation|fiduciary governance,macroeconomic forecasting|cross-asset strategy|institutional client management|talent mentoring|quantitative analysis|compliance oversight,algorithmic trading systems|private credit structuring|regulatory framework design|global macro strategy,executive decision making|strategic leadership|stakeholder negotiation|mentorship|conflict resolution
risk_manager,Risk Manager,Financial Service,Mid,risk assessment methodologies|financial regulatory compliance|quantitative risk modeling|risk data analysis,value at risk calculation|stress testing execution|sql and python proficiency|portfolio risk monitoring|internal audit coordination|risk reporting dashboards,machine learning applications|esg risk integration|cloud data warehousing,analytical problem solving|cross-functional collaboration|clear written communication
senior_risk_manager,Senior Risk Manager,Financial Service,Senior,risk assessment methodologies|financial regulatory compliance|quantitative risk modeling|risk data analysis|enterprise risk framework design,capital adequacy planning|board-level risk reporting|risk technology architecture|strategic risk mitigation|cross-border regulatory alignment|advanced stress testing design|third-party risk oversight,ai-driven predictive analytics|geopolitical risk forecasting|climate risk quantification|blockchain compliance protocols,executive stakeholder management|strategic leadership|crisis decision making|change management advocacy|executive coaching
junior_compliance_officer,Junior Compliance Officer,Financial Service,Junior,regulatory framework fundamentals|kyc/aml procedures|compliance monitoring basics|financial documentation review,excel data manipulation|policy documentation|audit preparation support|basic risk identification|regulatory research methods|internal controls fundamentals,sql for data querying|compliance management systems|financial accounting basics|ongoing compliance certification,attention to detail|clear written communication|adaptability to change|time management
compliance_officer,Compliance Officer,Financial Service,Mid,regulatory framework fundamentals|kyc/aml procedures|compliance monitoring basics|financial documentation review|regulatory change impact analysis,advanced data analysis|compliance testing methodologies|policy implementation|risk mitigation strategies|cross-departmental stakeholder management|regulatory reporting workflows|third-party vendor compliance,project management fundamentals|data visualization tools|regulatory technology platforms|advanced compliance certifications,problem solving|conflict resolution|analytical reasoning|mentorship capabilities
senior_compliance_officer,Senior Compliance Officer,Financial Service,Senior,regulatory framework fundamentals|kyc/aml procedures|compliance monitoring basics|financial documentation review|regulatory change impact analysis|enterprise compliance program architecture,executive compliance reporting|regulatory examination defense|enterprise risk management alignment|board-level communication|compliance program audit leadership|regulatory policy advocacy|cross-border financial regulations,artificial intelligence in compliance|crisis management simulation|strategic partnership development|public speaking and thought leadership|merger and acquisition due diligence,strategic decision making|executive presence|change leadership|influential negotiation
junior_underwriter,Junior Underwriter,Financial Service,Junior,risk assessment fundamentals|financial document review|credit reporting analysis|regulatory compliance basics|policy guideline adherence,spreadsheet proficiency|data entry accuracy|client correspondence|time management|attention to detail|workflow software navigation,basic data visualization|introductory actuarial concepts|public records research|basic sql querying,adaptability|active listening|analytical reasoning|teamwork
underwriter,Underwriter,Financial Service,Mid,risk assessment fundamentals|financial document review|credit reporting analysis|regulatory compliance basics|policy guideline adherence|complex risk modeling,portfolio management software|advanced data analytics|cross-functional collaboration|loss ratio analysis|pricing strategy application|automated decisioning tools|market trend evaluation|vendor relationship management,advanced python for risk|reinsurance fundamentals|commercial underwriting specialization|financial forecasting,stakeholder management|conflict resolution|critical thinking|mentoring capabilities|strategic communication
senior_underwriter,Senior Underwriter,Financial Service,Senior,risk assessment fundamentals|financial document review|credit reporting analysis|regulatory compliance basics|policy guideline adherence|enterprise portfolio strategy,underwriting architecture design|capital allocation modeling|regulatory reporting oversight|predictive analytics integration|executive stakeholder engagement|process automation strategy|market expansion analysis|compliance audit leadership,machine learning model development|global regulatory framework navigation|catastrophe bond structuring|fintech partnership integration,executive leadership|change management|visionary strategic planning|high-level negotiation|cross-cultural competency
junior_actuary,Junior Actuary,Financial Service,Junior,probability theory|statistical analysis|financial mathematics|excel modeling,sql querying|python fundamentals|data visualization|time series analysis|report drafting,machine learning fundamentals|version control|cloud storage basics|agile methodology,attention to detail|time management|written communication|collaborative mindset
actuary,Actuary,Financial Service,Mid,probability theory|statistical analysis|financial mathematics|excel modeling|predictive modeling,advanced sql|python and r programming|actuarial pricing models|capital allocation frameworks|regulatory compliance reporting|monte carlo simulation,machine learning applications|actuarial modeling software|automated etl pipelines|stakeholder management frameworks,critical thinking|problem solving|cross functional collaboration|adaptability
senior_actuary,Senior Actuary,Financial Service,Senior,probability theory|statistical analysis|financial mathematics|excel modeling|predictive modeling|strategic risk modeling,advanced sql|python and r programming|actuarial pricing models|capital allocation frameworks|regulatory compliance reporting|monte carlo simulation|model validation,advanced machine learning|actuarial system architecture|strategic risk consulting|regulatory negotiation,strategic thinking|leadership and mentoring|executive communication|conflict resolution
junior_loan_officer,Junior Loan Officer,Financial Service,Junior,loan documentation processing|basic financial statement analysis|regulatory compliance basics|loan origination software proficiency,credit report interpretation|customer onboarding procedures|pipeline tracking management|data entry accuracy|document verification protocols|basic cross-selling techniques,fha va loan guidelines familiarity|bilingual customer support|introductory real estate market knowledge,attention to detail|active listening|professionalism|adaptability
loan_officer,Loan Officer,Financial Service,Mid,loan documentation processing|basic financial statement analysis|regulatory compliance basics|loan origination software proficiency|advanced credit underwriting,complex mortgage product structuring|automated underwriting system mastery|secondary market loan sales|client relationship management|deal negotiation strategies|risk mitigation practices|regulatory audit preparation,commercial real estate lending exposure|advanced data visualization|portfolio stress testing|fintech integration knowledge,critical thinking|conflict resolution|strategic communication|time prioritization|client advocacy
senior_loan_officer,Senior Loan Officer,Financial Service,Senior,loan documentation processing|basic financial statement analysis|regulatory compliance basics|loan origination software proficiency|advanced credit underwriting|strategic portfolio optimization,executive stakeholder reporting|team leadership and mentoring|enterprise compliance architecture|market trend forecasting|complex deal structuring|cross-departmental collaboration,global financial market analysis|ai lending model oversight|executive board presentation skills,executive presence|decisive leadership|organizational change management|high-level negotiation|ethical judgment
wealth_advisor,Wealth Advisor,Financial Service,Mid,financial planning|investment analysis|regulatory compliance|portfolio rebalancing|client relationship management,crm software proficiency|tax planning fundamentals|retirement planning|risk assessment|market trend analysis|estate planning basics,cfp certification|alternative investments knowledge|behavioral finance|fintech tool integration,active listening|empathy|clear communication|adaptability|problem solving
senior_wealth_advisor,Senior Wealth Advisor,Financial Service,Senior,financial planning|investment analysis|regulatory compliance|portfolio rebalancing|client relationship management|wealth strategy architecture,advanced tax optimization|complex estate planning|business development|cross-functional team coordination|regulatory audit management|multi-generational wealth structuring|portfolio risk modeling,private banking network|family office operations|esg investment strategy|executive coaching certification,executive presence|strategic negotiation|conflict resolution|mentoring|decisive leadership
junior_quantitative_analyst,Junior Quantitative Analyst,Financial Service,Junior,python programming|statistical analysis|probability theory|linear algebra,sql querying|r programming|excel vba|time series forecasting|basic option pricing|data wrangling|backtesting fundamentals,bloomberg terminal operations|basic cryptography|tableau visualization|futures market mechanics,attention to detail|analytical reasoning|team collaboration|continuous learning
quantitative_analyst,Quantitative Analyst,Financial Service,Mid,python programming|statistical analysis|probability theory|linear algebra|stochastic processes,c++ development|machine learning pipelines|monte carlo methods|portfolio optimization|value at risk modeling|financial data api integration|git version control|algorithmic trading basics,natural language processing|gpu parallel computing|credit derivatives pricing|reinforcement learning frameworks,cross-functional communication|project scoping|stakeholder management|conflict resolution|agile methodology
senior_quantitative_analyst,Senior Quantitative Analyst,Financial Service,Senior,python programming|statistical analysis|probability theory|linear algebra|stochastic processes|quantitative model architecture,distributed systems engineering|cloud deployment pipelines|convex optimization|regulatory reporting standards|model risk governance|alternative data engineering|latency optimization,quantum annealing finance|edge trading infrastructure|patent strategy|academic research publication,technical mentorship|strategic decision making|executive presentation|team building
junior_credit_analyst,Junior Credit Analyst,Financial Service,Junior,financial statement analysis|credit risk fundamentals|microsoft excel|credit reporting,accounting principles|data validation|ratio analysis|industry research|loan documentation|credit scoring basics,basic sql|python scripting|commercial lending fundamentals|data visualization tools,attention to detail|active listening|time management|teamwork
credit_analyst,Credit Analyst,Financial Service,Mid,financial statement analysis|credit risk fundamentals|microsoft excel|credit reporting|advanced financial modeling,cash flow forecasting|covenant monitoring|risk assessment frameworks|portfolio analysis|credit policy application|stakeholder reporting|regulatory compliance tracking|loan structuring,vba macro development|credit derivatives knowledge|fintech platform integration|database querying optimization,critical thinking|stakeholder communication|conflict resolution|problem solving|negotiation
senior_credit_analyst,Senior Credit Analyst,Financial Service,Senior,financial statement analysis|credit risk fundamentals|microsoft excel|credit reporting|advanced financial modeling|strategic portfolio management,capital allocation strategy|advanced stress testing|economic scenario analysis|cross-departmental risk coordination|regulatory strategy alignment|automated underwriting system design|credit limit optimization|board reporting preparation,machine learning for credit risk|enterprise risk management frameworks|ai-driven underwriting tools|regulatory architecture design,executive presence|strategic decision making|leadership and mentoring|cross-functional collaboration|change management
junior_securities_trader,Junior Securities Trader,Financial Service,Junior,market fundamentals|order execution|regulatory compliance|trading platform navigation,technical analysis|financial modeling|trade settlement processes|market research|data visualization|spreadsheet proficiency,python basics|bloomberg terminal|equities trading|options introduction,attention to detail|adaptability|verbal communication|team collaboration
securities_trader,Securities Trader,Financial Service,Mid,market fundamentals|order execution|regulatory compliance|trading platform navigation|risk management,technical analysis|financial modeling|trade settlement processes|market research|data visualization|spreadsheet proficiency|market microstructure|liquidity analysis,python scripting|bloomberg programming|derivatives strategies|quantitative backtesting|automated reporting,client relationship building|negotiation|independent decision making|cross-functional coordination|stress management
senior_securities_trader,Senior Securities Trader,Financial Service,Senior,market fundamentals|order execution|regulatory compliance|trading platform navigation|risk management|trading strategy architecture,technical analysis|financial modeling|trade settlement processes|market research|market microstructure|liquidity analysis|cross-asset strategies|advanced portfolio construction,machine learning applications|institutional client structuring|regulatory policy design|system latency optimization|quant fund management,executive stakeholder management|leadership and mentorship|strategic decision making|crisis negotiation|team development
relationship_manager,Relationship Manager,Financial Service,Mid,portfolio management|client acquisition and retention|financial product knowledge|compliance and risk assessment|crm software proficiency,needs analysis|cross selling and upselling|financial statement analysis|negotiation|market research|regulatory compliance|data reporting,certified financial planner credential|bilingual proficiency|alternative investment strategies,active listening|adaptability|problem solving|emotional intelligence|time management
senior_relationship_manager,Senior Relationship Manager,Financial Service,Senior,portfolio management|client acquisition and retention|financial product knowledge|compliance and risk assessment|crm software proficiency|strategic account planning,strategic business development|financial modeling and forecasting|stakeholder management|regulatory framework optimization|market trend analysis|team mentorship and coaching|p&l oversight,private banking network management|fintech ecosystem integration|chartered financial analyst credential,strategic thinking|executive presence|conflict resolution|decision making|influencing without authority
junior_financial_planner,Junior Financial Planner,Financial Service,Junior,personal finance fundamentals|basic financial modeling|data gathering and analysis|regulatory compliance awareness,client onboarding procedures|financial planning software basics|risk tolerance assessment|retirement planning basics|budgeting and cash flow analysis|tax planning fundamentals|communication protocols,financial literacy workshop facilitation|basic coding for finance|multilingual client service|introductory estate concepts,active listening|attention to detail|adaptability|empathy
financial_planner,Financial Planner,Financial Service,Mid,personal finance fundamentals|basic financial modeling|data gathering and analysis|regulatory compliance awareness|intermediate financial forecasting,advanced financial plan design|portfolio rebalancing techniques|estate planning coordination|client retention strategies|cross selling financial products|complex tax strategy implementation|fiduciary duty application,certified financial planner certification|advanced portfolio modeling software|behavioral finance application|alternative investment analysis,client relationship building|conflict resolution|analytical reasoning|persuasive communication|stress management
senior_financial_planner,Senior Financial Planner,Financial Service,Senior,personal finance fundamentals|basic financial modeling|data gathering and analysis|regulatory compliance awareness|intermediate financial forecasting|strategic wealth architecture,business development leadership|practice management optimization|intergenerational wealth transfer|advanced insurance structuring|alternative investment evaluation|compliance audit preparation|team mentorship and training,private equity networking access|philanthropic advisory framework|international tax jurisdiction knowledge|executive compensation structuring,strategic leadership|executive presence|negotiation mastery|cross functional collaboration|emotional intelligence
junior_treasury_analyst,Junior Treasury Analyst,Financial Service,Junior,cash reconciliation|basic liquidity forecasting|financial data entry|microsoft excel|treasury management system navigation,banking operations fundamentals|cash flow tracking|variance analysis support|account reconciliation|general ledger basics|data accuracy validation|time management,sql fundamentals|tableau or power bi|vba scripting|data visualization,attention to detail|verbal communication|adaptability|teamwork
treasury_analyst,Treasury Analyst,Financial Service,Mid,cash reconciliation|basic liquidity forecasting|financial data entry|microsoft excel|treasury management system navigation|cash flow variance analysis,fx hedging execution|debt facility management|tms administration|sql querying|financial reporting|process improvement|regulatory compliance awareness|stakeholder coordination,python for finance|sap or oracle treasury modules|treasury risk analytics|automated workflow design|interest rate risk modeling,problem solving|cross-functional collaboration|analytical thinking|conflict resolution|initiative
senior_treasury_analyst,Senior Treasury Analyst,Financial Service,Senior,cash reconciliation|basic liquidity forecasting|financial data entry|microsoft excel|treasury management system navigation|cash flow variance analysis,global liquidity optimization|hedging strategy development|treasury architecture design|team leadership and mentoring|regulatory framework mastery|cross-border cash pooling|advanced financial modeling|treasury policy development,machine learning for cash forecasting|blockchain payment integration|m&a treasury integration|enterprise risk management|board-level reporting,executive communication|strategic vision|decisiveness under pressure|negotiation skills|change management
site_superintendent,Site Superintendent,Construction,Mid,construction scheduling|site safety management|subcontractor coordination|quality control inspections|blueprint reading,daily reporting|rfq management|budget tracking|permit compliance|osha regulations|equipment logistics|material procurement,lean construction principles|bim navigation|drone site surveying|sustainable building practices,problem-solving|clear communication|team supervision|adaptability
senior_site_superintendent,Senior Site Superintendent,Construction,Senior,construction scheduling|site safety management|subcontractor coordination|quality control inspections|blueprint reading|multi-site operations,advanced budget forecasting|contract negotiation|risk mitigation|stakeholder management|regulatory compliance|value engineering|project closeout procedures|crisis management,integrated project delivery|leed certification processes|architectural detailing review|automated project tracking systems|sustainability compliance auditing,strategic decision-making|executive communication|conflict resolution|mentorship|cross-functional leadership
project_manager,Project Manager,Construction,Mid,construction project scheduling|budget tracking and forecasting|subcontractor management|site safety compliance|rfi and change order processing,blueprint and schematic interpretation|cost estimation basics|contract administration|project documentation|resource allocation|progress reporting,procore proficiency|autodesk build familiarity|lean construction basics|drone survey data interpretation,clear communication|analytical problem-solving|time management|cross-functional collaboration
senior_project_manager,Senior Project Manager,Construction,Senior,construction project scheduling|budget tracking and forecasting|subcontractor management|site safety compliance|rfi and change order processing|portfolio risk mitigation,stakeholder negotiation|advanced value engineering|multi-site coordination|contract dispute resolution|regulatory compliance oversight|architectural design coordination,pmp certification|leed accreditation|bim vdc integration|predictive analytics for construction,executive presence|strategic decision-making|conflict resolution|mentorship and coaching
junior_construction_estimator,Junior Construction Estimator,Construction,Junior,quantity takeoffs|blueprint reading|construction mathematics|excel estimating proficiency,rsmeans data navigation|material takeoff software|construction document review|vendor quote comparison|basic scheduling principles|site measurement techniques|safety regulation awareness,autocad fundamentals|leed certification awareness|mobile field reporting apps|green building materials knowledge,attention to detail|time management|verbal communication|teamwork|eagerness to learn
construction_estimator,Construction Estimator,Construction,Mid,quantity takeoffs|blueprint reading|construction mathematics|excel estimating proficiency|bid package assembly,subcontractor management|value engineering fundamentals|change order tracking|procore software navigation|contract specification analysis|project cost forecasting|procurement coordination,drone photogrammetry analysis|bim coordination|parametric estimating tools|lean construction principles,negotiation|analytical problem solving|client relationship management|cross-functional collaboration|stress management under deadlines
senior_construction_estimator,Senior Construction Estimator,Construction,Senior,quantity takeoffs|blueprint reading|construction mathematics|excel estimating proficiency|bid package assembly|advanced cost risk modeling,architectural design coordination|design-build methodology|enterprise resource planning integration|multi-phase project budgeting|legal compliance and contract law|executive reporting and dashboards|complex commercial estimating,ai-driven cost prediction|integrated project delivery methodology|public works bond estimation|corporate strategy development,strategic decision making|leadership and mentorship|executive presentation skills|conflict resolution|business development acumen
junior_structural_engineer,Junior Structural Engineer,Construction,Junior,structural analysis fundamentals|autocad drafting|load path calculation|building code basics,revit introduction|structural drawing review|mathcad calculations|site safety protocols|basic finite element software,3d laser scanning|python scripting basics|timber design principles,attention to detail|time management|team collaboration|adaptability
structural_engineer,Structural Engineer,Construction,Mid,structural analysis fundamentals|autocad drafting|load path calculation|building code basics|steel connection design,revit modeling|clash detection|foundation system design|staad pro operation|project scheduling tools|value engineering|construction documentation,masonry engineering|drone surveying analysis|wind load simulation|sustainability certification,cross-functional communication|problem solving|junior mentoring|client interface|conflict de-escalation
senior_structural_engineer,Senior Structural Engineer,Construction,Senior,structural analysis fundamentals|autocad drafting|load path calculation|building code basics|steel connection design|seismic design optimization,advanced finite element modeling|peer review methodology|contract administration|constructability analysis|lifecycle assessment|bim execution planning|risk mitigation strategies,forensic structural investigation|parametric design|international code expertise|high performance concrete design|bridge engineering specialization,strategic decision making|executive presentation|multidisciplinary team leadership|negotiation|stakeholder management
junior_civil_engineer,Junior Civil Engineer,Construction,Junior,structural engineering fundamentals|autocad drafting|blueprint reading|basic site inspection,microsoft excel|osha safety compliance|daily reporting|material testing procedures|technical documentation|vendor communication,introductory revit modeling|basic surveying techniques|drone operation|hydrology basics,attention to detail|proactive learning|team collaboration|time management
civil_engineer,Civil Engineer,Construction,Mid,structural engineering fundamentals|autocad drafting|blueprint reading|basic site inspection|project scheduling|building code compliance,bim coordination|geotechnical analysis|contract administration|cost estimation|environmental compliance|subcontractor oversight|quality assurance,leed certification|traffic impact analysis|structural health monitoring|value engineering|risk mitigation planning,problem solving|cross-functional communication|client management|conflict resolution|mentoring
senior_civil_engineer,Senior Civil Engineer,Construction,Senior,structural engineering fundamentals|autocad drafting|blueprint reading|basic site inspection|advanced structural design|strategic engineering leadership,strategic portfolio management|multi-disciplinary integration|capital budgeting|regulatory advocacy|sustainability strategy|advanced geotechnical design,ai-driven design optimization|international construction standards|dispute resolution and litigation support|public infrastructure policy|urban planning strategy,strategic thinking|executive negotiation|crisis management|team building|visionary leadership
junior_field_engineer,Junior Field Engineer,Construction,Junior,blueprint reading|site safety compliance|basic surveying and layout|construction documentation,material testing procedures|daily field reporting|equipment operation basics|progress tracking|basic scheduling tools|trade coordination,leed green associate|first aid and cpr|drone operation|procore navigation,attention to detail|adaptability|team collaboration|time management
field_engineer,Field Engineer,Construction,Mid,blueprint reading|site safety compliance|basic surveying and layout|construction documentation|qa/qc oversight,change order processing|contract administration|advanced bim coordination|regulatory compliance|resource allocation|procurement oversight,osha 30 certification|pe license candidacy|primavera p6 proficiency|laser scanning,problem solving under pressure|mentoring junior staff|negotiation|conflict resolution|cross functional communication
senior_field_engineer,Senior Field Engineer,Construction,Senior,blueprint reading|site safety compliance|basic surveying and layout|construction documentation|qa/qc oversight|architectural constructability review,value engineering|claims and dispute resolution|multi-site project oversight|permitting strategy|advanced scheduling and resource leveling|strategic vendor management,pe license|pmp certification|bim vdc leadership|advanced contract law,strategic decision making|executive communication|team leadership|client relationship management|crisis management
junior_bim_coordinator,Junior BIM Coordinator,Construction,Junior,revit modeling|autocad|clash detection|bim documentation,navisworks|file version control|drawing revision tracking|basic quantity takeoff|construction drawing interpretation|bim collaboration platform usage,dynamo scripting|point cloud processing|basic rendering|ifc interoperability,attention to detail|time management|active listening|team collaboration
bim_coordinator,BIM Coordinator,Construction,Mid,revit modeling|autocad|clash detection|bim documentation|model coordination,4d scheduling integration|cost estimation support|advanced clash reporting|model auditing|subcontractor coordination|bim execution planning|lod tracking,api customization|cloud collaboration tools setup|ar/vr visualization|parametric design basics,stakeholder communication|conflict resolution|technical mentorship|project prioritization
senior_bim_coordinator,Senior BIM Coordinator,Construction,Senior,revit modeling|autocad|clash detection|bim documentation|model coordination|bim strategy development,iso 19650 compliance|digital twin integration|cross-discipline workflow optimization|risk mitigation planning|advanced data management|contractual bim requirements,machine learning for clash resolution|enterprise bim architecture|sustainability analysis,strategic leadership|change management|executive reporting|client relationship management
safety_manager,Safety Manager,Construction,Mid,osha compliance & regulations|job site safety inspections|hazard identification & risk assessment|incident investigation & reporting|safety training facilitation,construction site logistics coordination|emergency response planning|safety documentation & recordkeeping|subcontractor safety compliance monitoring|scaffolding & fall protection standards|ehs software proficiency|workers compensation claims management,confined space safety certification|crane & rigging safety oversight|leed green building safety knowledge|bilingual safety communication,conflict resolution|clear verbal communication|adaptability in fast-paced environments|attention to detail
senior_safety_manager,Senior Safety Manager,Construction,Senior,osha compliance & regulations|job site safety inspections|hazard identification & risk assessment|incident investigation & reporting|safety training facilitation|enterprise safety program architecture,strategic safety budgeting & roi analysis|regulatory change impact analysis|multi-site project safety oversight|safety culture transformation initiatives|advanced data analytics for safety metrics|executive stakeholder reporting|insurance & liability risk mitigation|contractor safety qualification auditing,international construction safety standards|behavioral-based safety program design|crisis management & business continuity planning|ai-driven predictive safety analytics,executive leadership & mentorship|strategic negotiation & influence|cross-functional team alignment|crisis decision-making under pressure
junior_land_surveyor,Junior Land Surveyor,Construction,Junior,total station operation|gps/gnss basics|field data collection|blueprint reading,safety compliance protocols|basic trigonometry and geometry|equipment calibration and maintenance|surveying terminology|leveling techniques,basic drone operation|mobile data collector apps|introductory gis software,attention to detail|team collaboration|time management
land_surveyor,Land Surveyor,Construction,Mid,total station operation|gps/gnss basics|field data collection|blueprint reading|construction staking,cad drafting and editing|boundary research fundamentals|coordinate geometry calculations|data processing and adjustment|topographic survey execution|quality control procedures,robotic total station automation|civil 3d surface modeling|lidar point cloud processing,technical problem solving|field crew supervision|client communication
senior_land_surveyor,Senior Land Surveyor,Construction,Senior,total station operation|gps/gnss basics|field data collection|blueprint reading|construction staking|project scoping and management,land title and deed analysis|advanced geodetic control networks|boundary dispute resolution|architectural survey coordination|design intent verification|contract and scope negotiation,automated machine control systems|custom survey data scripting|enterprise workflow automation|construction design review,strategic leadership|stakeholder negotiation|mentoring and talent development|business development
junior_construction_scheduler,Junior Construction Scheduler,Construction,Junior,blueprint reading|construction sequencing basics|data management|time tracking,microsoft excel|construction terminology|schedule updating|progress reporting|basic cost awareness|site documentation|vendor communication,lean construction awareness|safety compliance basics|bim viewer|autocad fundamentals,attention to detail|time management|adaptability|clear communication
construction_scheduler,Construction Scheduler,Construction,Mid,blueprint reading|construction sequencing basics|data management|time tracking|critical path method (cpm),microsoft excel|schedule variance analysis|procurement tracking|rfi and submittal management|cost control coordination|resource leveling|change order documentation|progress measurement,primavera p6|lean construction principles|contract administration|drone survey analysis,problem solving|cross functional collaboration|stakeholder communication|conflict resolution|analytical thinking
senior_construction_scheduler,Senior Construction Scheduler,Construction,Senior,blueprint reading|construction sequencing basics|data management|time tracking|critical path method (cpm)|schedule risk analysis,microsoft excel|schedule optimization|multi project coordination|budget alignment|stakeholder reporting|claim documentation support|contract compliance|architectural coordination,portfolio management software|enterprise resource planning (erp) integration|advanced contract negotiation|forensic schedule analysis|bim clash detection,leadership|strategic decision making|executive presentation|negotiation|crisis management
mep_coordinator,MEP Coordinator,Construction,Mid,bim coordination|clash detection|mep systems knowledge|construction drawing review,navisworks proficiency|revit navigation|field coordination experience|schedule integration|code compliance awareness|subcontractor liaison,laser scanning familiarity|lean construction principles|cost estimation basics|drone surveying familiarity,cross-functional communication|problem-solving|time management|adaptability to site changes
senior_mep_coordinator,Senior MEP Coordinator,Construction,Senior,bim coordination|clash detection|mep systems knowledge|construction drawing review|design integration strategy,bim execution planning|advanced clash resolution workflows|multi-trade sequencing|risk mitigation strategies|quality assurance oversight|design coordination facilitation,value engineering optimization|contract administration|sustainability certification knowledge|project portfolio management,stakeholder negotiation|team leadership|strategic decision-making|conflict resolution
junior_quality_control_inspector,Junior Quality Control Inspector,Construction,Junior,blueprint reading|construction material testing|inspection documentation|site safety compliance,dimensional measurement|concrete sampling techniques|rebar inspection|basic field photography|handheld inspection tools|site walkthrough procedures,basic cad viewing|soil compaction testing|introductory welding checks|drone site documentation,attention to detail|clear communication|adaptability to site conditions|collaborative teamwork
quality_control_inspector,Quality Control Inspector,Construction,Mid,blueprint reading|construction material testing|inspection documentation|site safety compliance|regulatory code auditing,nondestructive testing methods|iso quality management standards|statistical process control|subcontractor quality evaluation|advanced drawing interpretation|material non-conformance handling|audit preparation protocols,lean construction methodologies|advanced concrete analysis|building information modeling coordination|industry-specific certification management,conflict resolution|analytical problem solving|time management under pressure|cross-disciplinary liaison
senior_quality_control_inspector,Senior Quality Control Inspector,Construction,Senior,blueprint reading|construction material testing|inspection documentation|site safety compliance|regulatory code auditing|quality program development,advanced nondestructive testing|quality risk assessment|contract specification analysis|cross-functional team leadership|root cause failure analysis|continuous improvement frameworks|vendor supply chain auditing,lean six sigma certification|architectural design compliance review|forensic structural analysis|international building code expertise,strategic quality planning|mentorship and training delivery|executive stakeholder communication|organizational change management
junior_information_security_analyst,Junior Information Security Analyst,It Security,Junior,network security fundamentals|vulnerability scanning|incident response basics|security information and event management|basic scripting,risk assessment basics|security policy compliance|endpoint protection|log analysis|threat intelligence fundamentals|secure configuration management|basic cryptography concepts,security+ certification|itil framework basics|basic cloud security concepts|tcp/ip networking,attention to detail|analytical thinking|effective communication|adaptability|continuous learning
information_security_analyst,Information Security Analyst,It Security,Mid,network security fundamentals|vulnerability scanning|incident response basics|security information and event management|basic scripting|threat hunting,advanced siem querying|cloud security administration|compliance frameworks|firewall management|identity and access management|malware analysis basics|security operations center workflows,cybersecurity analyst certification|container security basics|devsecops fundamentals|data loss prevention|security automation,cross-functional collaboration|structured problem solving|time management|stakeholder communication|peer mentoring
senior_information_security_analyst,Senior Information Security Analyst,It Security,Senior,network security fundamentals|vulnerability scanning|incident response basics|security information and event management|basic scripting|threat hunting,enterprise risk management|security architecture design|security program development|advanced forensics|regulatory compliance strategy|zero trust implementation|incident command leadership,cissp certification|ai in cybersecurity defense|red team blue team leadership|mergers and acquisitions security|security budget management,strategic thinking|executive communication|crisis management|team leadership|change management
junior_soc_analyst,Junior SOC Analyst,It Security,Junior,siem operation|log analysis|alert triage|tcp/ip networking,firewall monitoring|edr monitoring|vulnerability scanning basics|ticket management|phishing investigation|threat indicator lookup,python scripting|linux command line|basic forensics|osint tools,attention to detail|verbal communication|teamwork|adaptability
soc_analyst,SOC Analyst,It Security,Mid,siem operation|log analysis|alert triage|tcp/ip networking|incident documentation,threat hunting fundamentals|incident response execution|network traffic analysis|malware triage|cloud security monitoring|vulnerability remediation guidance|siem rule creation,automation scripting|digital forensics|purple team collaboration|threat modeling,analytical thinking|cross-functional collaboration|stress management|junior mentorship
senior_soc_analyst,Senior SOC Analyst,It Security,Senior,siem operation|log analysis|alert triage|tcp/ip networking|incident documentation|incident escalation,advanced threat hunting|incident response leadership|siem architecture|threat intelligence program management|security playbook development|risk assessment|compliance framework knowledge,zero trust implementation|devsecops integration|advanced memory forensics|soc maturity modeling,strategic planning|executive communication|stakeholder management|crisis decision making|conflict resolution
junior_penetration_tester,Junior Penetration Tester,It Security,Junior,network vulnerability scanning|web application testing|basic python and bash scripting|technical report writing,nmap usage|burp suite basics|linux command line proficiency|vulnerability assessment methodologies|basic cryptography concepts|tcp/ip networking fundamentals,active directory basics|metasploit framework usage|owasp top 10 familiarity|basic forensics concepts,attention to detail|willingness to learn|ethical responsibility|clear verbal communication
penetration_tester,Penetration Tester,It Security,Mid,network vulnerability scanning|web application testing|basic python and bash scripting|technical report writing|advanced exploitation techniques,advanced burp suite workflows|privilege escalation tactics|container security testing|secure coding principles|manual vulnerability verification|threat modeling,mobile application testing|cloud security testing|api security testing|purple teaming basics,stakeholder communication|time management|collaborative problem solving|client presentation skills
senior_penetration_tester,Senior Penetration Tester,It Security,Senior,network vulnerability scanning|web application testing|basic python and bash scripting|technical report writing|advanced exploitation techniques|security architecture design,red team operations planning|custom exploit development|advanced cloud security assessments|enterprise active directory attack paths|automated pentesting toolchains|security risk quantification|purple teaming execution,ics/ot security testing|advanced cryptography analysis|security program advisory,strategic thinking|executive reporting|cross-functional leadership|conflict resolution
junior_security_engineer,Junior Security Engineer,It Security,Junior,network fundamentals|operating system security basics|vulnerability assessment principles|security monitoring concepts,firewall configuration basics|endpoint protection platforms|basic log analysis|incident response procedures|identity and access management fundamentals|basic cloud security awareness|compliance framework awareness,security certification fundamentals|container security basics|siem tool familiarity|introductory threat intelligence analysis,analytical thinking|clear written communication|eagerness to learn|attention to detail
security_engineer,Security Engineer,It Security,Mid,network fundamentals|operating system security basics|vulnerability assessment principles|security monitoring concepts|secure software development lifecycle fundamentals,siem administration and tuning|intermediate cloud security engineering|threat modeling methodologies|penetration testing fundamentals|compliance auditing execution|intermediate identity and access management administration|scripting for security automation,edr platform management|devsecops pipeline integration|threat hunting techniques|security metrics reporting,cross functional collaboration|time management under pressure|technical documentation|adaptability to evolving threats
senior_security_engineer,Senior Security Engineer,It Security,Senior,network fundamentals|operating system security basics|vulnerability assessment principles|security monitoring concepts|secure software development lifecycle fundamentals|enterprise security architecture design,zero trust architecture implementation|advanced cloud security posture management|security program development and strategy|soar orchestration and automation|advanced regulatory compliance leadership|vendor and third party risk management|incident command and crisis management,ai and ml in security operations|red team strategy and oversight|advanced cryptographic system design|open source security community contributions,executive communication|strategic planning and vision|leadership and mentorship|decision making under extreme pressure
incident_response_manager,Incident Response Manager,It Security,Mid,incident response lifecycle management|security incident triage and escalation|siem and edr tool proficiency|nist sp 800-61 framework application,malware analysis awareness|soar playbook development|vulnerability correlation and remediation tracking|cloud security incident handling|cross-departmental coordination|security awareness training facilitation|post-incident reporting documentation,threat intelligence platform integration|scripting for automation|red team exercise participation|network traffic analysis,crisis communication|analytical problem solving|team collaboration|time management under pressure
senior_incident_response_manager,Senior Incident Response Manager,It Security,Senior,incident response lifecycle management|security incident triage and escalation|siem and edr tool proficiency|nist sp 800-61 framework application|strategic ir program architecture,cross-functional crisis coordination|ir playbook optimization and automation|cloud security incident response architecture|threat intelligence strategy integration|vendor and third-party risk management|post-incident root cause analysis and remediation|regulatory compliance alignment|security metrics and kpi dashboarding,purple team program leadership|budget forecasting and resource allocation|advanced forensic toolchain design|legal liaison and e-discovery coordination|ai integration in threat detection,executive presence and communication|strategic decision making|conflict resolution|mentorship and talent development|change management leadership
senior_chief_information_security_officer,Senior Chief Information Security Officer,It Security,Senior,enterprise security governance|strategic risk management|cybersecurity regulatory compliance|incident response leadership|security budget management,zero trust architecture implementation|cloud infrastructure security|security operations center oversight|threat intelligence and vulnerability management|business continuity planning|third-party risk assessment|security awareness program development,ai-driven threat detection|devsecops pipeline integration|mergers and acquisitions security due diligence|quantum cryptography readiness,board-level presentation|cross-functional team leadership|crisis decision making|strategic negotiation
cloud_security_architect,Cloud Security Architect,It Security,Mid,cloud identity and access management|network security controls|cloud data encryption|security compliance frameworks,cloud provider security services|vulnerability assessment and remediation|infrastructure as code security|container orchestration security|siem and log analysis|incident response procedures,zero trust fundamentals|security automation scripting|threat intelligence integration,cross functional collaboration|analytical problem solving|technical communication|adaptability
senior_cloud_security_architect,Senior Cloud Security Architect,It Security,Senior,cloud identity and access management|network security controls|cloud data encryption|security compliance frameworks|enterprise security architecture design,multi cloud security posture management|zero trust implementation strategy|advanced threat modeling|security governance and policy development|regulatory audit leadership|cloud architecture security review|cloud native incident orchestration,quantum ready cryptography planning|ai driven security operations integration|security vendor and budget management|advanced secure development lifecycle integration,executive stakeholder communication|strategic leadership and vision|technical mentorship|organizational change management|conflict resolution and negotiation
junior_governance_risk_and_compliance_analyst,Junior Governance Risk and Compliance Analyst,It Security,Junior,foundational risk assessment|compliance framework basics|security control mapping|audit documentation support,grc software navigation|vulnerability tracking|policy compliance monitoring|basic data analysis|regulatory reporting drafts|cross-department coordination|ticketing workflow management,introductory security certifications|basic python scripting|cloud security awareness|threat intelligence basics,attention to detail|active listening|adaptability|written communication
governance_risk_and_compliance_analyst,Governance Risk and Compliance Analyst,It Security,Mid,foundational risk assessment|compliance framework basics|security control mapping|audit documentation support|vendor risk management,advanced risk quantification|third-party assurance audits|automated compliance testing|security metric dashboards|regulatory change management|stakeholder training delivery|gap analysis remediation planning,cloud compliance architecture|advanced data analytics|cybersecurity insurance coordination|penetration test interpretation,conflict resolution|project coordination|persuasive communication|cross-functional leadership
senior_governance_risk_and_compliance_analyst,Senior Governance Risk and Compliance Analyst,It Security,Senior,foundational risk assessment|compliance framework basics|security control mapping|audit documentation support|vendor risk management|enterprise risk strategy,enterprise compliance roadmapping|cross-jurisdictional regulatory alignment|advanced security architecture review|executive board reporting|risk appetite definition|regulatory negotiation|compliance automation strategy,ai driven risk modeling|global data sovereignty design|merger acquisition due diligence|industry standard authorship,strategic influence|crisis management|executive mentoring|organizational change management
junior_identity_and_access_management_analyst,Junior Identity and Access Management Analyst,It Security,Junior,user account lifecycle management|active directory administration|basic access provisioning|single sign-on support,rbac fundamentals|itil ticket management|identity auditing basics|basic cloud iam concepts|security awareness principles|mfa troubleshooting,basic powershell scripting|saml and oauth fundamentals|ldap directory querying,attention to detail|clear communication|teamwork|adaptability
identity_and_access_management_analyst,Identity and Access Management Analyst,It Security,Mid,user account lifecycle management|active directory administration|basic access provisioning|single sign-on support|advanced access review processes,identity governance and administration tools|intermediate scripting and automation|rbac and abac implementation|privileged access management configuration|compliance framework application|api and system integration basics|access analytics,zero trust architecture fundamentals|identity policy as code basics|advanced api troubleshooting,cross-functional collaboration|analytical problem solving|mentoring junior staff|time management
senior_identity_and_access_management_analyst,Senior Identity and Access Management Analyst,It Security,Senior,user account lifecycle management|active directory administration|basic access provisioning|single sign-on support|advanced access review processes|iam architecture and strategy,enterprise identity federation design|infrastructure as code for iam|zero trust identity implementation|regulatory compliance and audit leadership|cross-domain security integration|identity threat detection and response|vendor and partner iam risk assessment,ai-driven identity governance|blockchain-based decentralized identity|executive budget management for security programs,strategic leadership|executive stakeholder management|conflict resolution|organizational change management
digital_forensics_analyst,Digital Forensics Analyst,It Security,Mid,disk imaging and acquisition|file system analysis|memory forensics|chain of custody documentation,autopsy and sleuth kit|commercial forensic suites|network packet analysis|windows registry forensics|python scripting for automation|incident response lifecycle management,mobile device triage|volatility framework|cloud storage forensics|digital evidence management platforms,attention to detail|technical report writing|analytical problem solving|cross-functional collaboration
senior_digital_forensics_analyst,Senior Digital Forensics Analyst,It Security,Senior,disk imaging and acquisition|file system analysis|memory forensics|chain of custody documentation|expert witness testimony preparation,enterprise e-discovery workflows|advanced malware reverse engineering|cloud environment forensics|custom forensic tool development|threat hunting program integration|incident response team leadership,iot and operational technology forensics|ai-driven evidence correlation|cryptocurrency and blockchain tracing|digital forensics lab architecture,executive stakeholder management|strategic crisis planning|team mentoring and coaching|high-pressure decision making
junior_threat_intelligence_analyst,Junior Threat Intelligence Analyst,It Security,Junior,threat intelligence lifecycle basics|ioc identification and tracking|basic network traffic analysis|operating system fundamentals,osint gathering techniques|mitre att&ck framework familiarity|siem querying basics|incident response support|technical report drafting|data visualization|basic scripting,basic malware sandboxing|threat feed curation basics|cyber threat intelligence certification|introductory python scripting,attention to detail|analytical thinking|effective written communication|adaptability
threat_intelligence_analyst,Threat Intelligence Analyst,It Security,Mid,threat intelligence lifecycle basics|ioc identification and tracking|basic network traffic analysis|operating system fundamentals|threat actor profiling and attribution,advanced osint methodologies|mitre att&ck framework application|proactive threat hunting|siem correlation tuning|automated threat data ingestion|dark web intelligence monitoring|adversary ttp analysis|threat briefings,malware reverse engineering basics|threat intelligence automation via api|custom yara rule development|threat hunting tool customization,collaborative problem solving|presentation skills|time management|stakeholder engagement
senior_threat_intelligence_analyst,Senior Threat Intelligence Analyst,It Security,Senior,threat intelligence lifecycle basics|ioc identification and tracking|basic network traffic analysis|operating system fundamentals|threat actor profiling and attribution|strategic intelligence planning,strategic threat forecasting|enterprise threat modeling|intelligence requirement development|executive risk communication|security architecture advisory|threat intel program management|cross-functional incident orchestration,threat intelligence program design|machine learning for anomaly detection|open-source threat intel platform contribution|red and blue team integration strategy,strategic leadership|mentorship and team development|executive communication|critical decision making
junior_security_consultant,Junior Security Consultant,It Security,Junior,network security fundamentals|vulnerability assessment basics|security monitoring|incident response basics,tcp/ip networking|linux system administration|basic scripting|risk assessment fundamentals|compliance framework familiarity|technical report writing,cloud security basics|web application security testing|security certification|firewall configuration,active listening|adaptability|problem-solving|attention to detail
security_consultant,Security Consultant,It Security,Mid,network security fundamentals|vulnerability assessment basics|security monitoring|incident response basics|penetration testing methodologies,secure software development lifecycle|identity and access management|siem configuration and tuning|threat hunting techniques|risk management methodologies|client presentation skills|python scripting for security automation,container security|malware analysis basics|digital forensics fundamentals|zero trust architecture principles|threat intelligence platforms,client relationship management|cross-functional collaboration|time management|conflict resolution
senior_security_consultant,Senior Security Consultant,It Security,Senior,network security fundamentals|vulnerability assessment basics|security monitoring|incident response basics|penetration testing methodologies|enterprise security architecture,security program development|regulatory compliance auditing|cloud security architecture|crisis management|security budgeting and roi|advanced threat modeling|executive reporting,business continuity planning|cryptography implementation design|secure supply chain management|ai in security operations|international security standards leadership,strategic leadership|negotiation|stakeholder management|executive communication
junior_network_security_engineer,Junior Network Security Engineer,It Security,Junior,network fundamentals|firewall configuration|tcp/ip protocols|vulnerability scanning,linux administration|packet analysis|incident response support|siem log monitoring|vpn technologies|security compliance basics|technical documentation,wireshark proficiency|basic python scripting|itil foundation,attention to detail|willingness to learn|time management|clear communication
network_security_engineer,Network Security Engineer,It Security,Mid,network fundamentals|firewall configuration|tcp/ip protocols|vulnerability scanning|ids/ips management,linux system hardening|advanced packet analysis|incident response coordination|siem rule tuning|cloud security fundamentals|threat hunting|network segmentation|risk assessment methodologies,kubernetes security|threat intelligence platforms|infrastructure as code|advanced regex parsing,analytical problem solving|collaborative teamwork|adaptability|stakeholder communication
senior_network_security_engineer,Senior Network Security Engineer,It Security,Senior,network fundamentals|firewall configuration|tcp/ip protocols|vulnerability scanning|ids/ips management|security architecture design,enterprise security architecture|zero trust implementation|incident command leadership|security program development|regulatory compliance management|budget and vendor oversight|mentorship|strategic threat modeling,cissp certification|security operations center leadership|business continuity planning,strategic leadership|executive presence|crisis management|mentoring capability|negotiation
junior_application_security_engineer,Junior Application Security Engineer,It Security,Junior,secure coding fundamentals|vulnerability scanning|owasp top ten|basic threat modeling,code review techniques|security testing tools|ci/cd pipeline security|networking fundamentals|scripting basics|version control workflows,container security basics|regulatory compliance frameworks|bug bounty participation|basic cryptography,effective communication|eagerness to learn|attention to detail|team collaboration
application_security_engineer,Application Security Engineer,It Security,Mid,secure coding fundamentals|vulnerability scanning|owasp top ten|basic threat modeling|static and dynamic application security testing,infrastructure as code security|api security testing|penetration testing methodologies|cloud security fundamentals|incident response support|security awareness delivery|automation and orchestration,fuzzing techniques|mobile application security|compliance auditing|web application firewall tuning|secure software development lifecycle integration,cross-functional collaboration|analytical problem solving|stakeholder management|junior staff mentorship
senior_application_security_engineer,Senior Application Security Engineer,It Security,Senior,secure coding fundamentals|vulnerability scanning|owasp top ten|basic threat modeling|static and dynamic application security testing|secure system architecture design,zero trust architecture|advanced threat modeling|security program development|devsecops strategy|risk assessment and management|security toolchain optimization|executive reporting and metrics,formal security certifications|reverse engineering|ai and llm security governance|cryptographic implementation|supply chain security,strategic leadership|executive presentation|organizational change management|conflict resolution
data_privacy_officer,Data Privacy Officer,It Security,Mid,data protection regulation compliance|privacy impact assessments|data subject access request management|privacy policy drafting,cross-functional collaboration|vendor risk assessment|data mapping and inventory|incident response coordination|security control implementation|audit preparation and support|data lifecycle management,cipp certification|privacy engineering tools|basic scripting for data audits|cloud privacy configurations,analytical thinking|attention to detail|effective communication|problem-solving
senior_data_privacy_officer,Senior Data Privacy Officer,It Security,Senior,data protection regulation compliance|privacy impact assessments|data subject access request management|privacy policy drafting|enterprise privacy program architecture,cross-functional collaboration|vendor risk assessment|data mapping and inventory|incident response coordination|security control implementation|audit preparation and support|data lifecycle management|executive reporting and roadmap planning,cipt certification|advanced privacy-preserving cryptography|ai governance and compliance|global cross-border data transfer frameworks,strategic leadership|executive stakeholder management|crisis management|change management
junior_vulnerability_management_analyst,Junior Vulnerability Management Analyst,It Security,Junior,vulnerability scanning|cvss scoring|patch management|basic network security,ticketing system administration|report generation|basic scripting|nvd database navigation|asset inventory tracking|compliance framework awareness,threat intelligence feeds|container security basics|nist csf familiarity,written communication|attention to detail|team collaboration|adaptability
vulnerability_management_analyst,Vulnerability Management Analyst,It Security,Mid,vulnerability scanning|cvss scoring|patch management|basic network security|risk remediation planning,jira administration|advanced reporting|python scripting|threat intelligence integration|cloud vulnerability assessment|vulnerability triage workflows|configuration management,penetration testing coordination|secure sdl integration|zero trust principles,stakeholder communication|cross-functional collaboration|critical thinking|mentorship|time management
senior_vulnerability_management_analyst,Senior Vulnerability Management Analyst,It Security,Senior,vulnerability scanning|cvss scoring|patch management|basic network security|risk remediation planning|enterprise security architecture,security orchestration and automation|strategic risk modeling|executive reporting|cloud security posture management|compliance auditing|incident response integration|policy development,threat hunting|ai-driven security analytics|budget forecasting for security tools|industry conference speaking,strategic leadership|executive presence|conflict resolution|decision making under pressure|cross-departmental influence
junior_it_consultant,Junior IT Consultant,It Service And It Consulting,Junior,troubleshooting|technical documentation|basic networking concepts|basic scripting,customer service fundamentals|microsoft office suite|ticketing systems|cloud fundamentals|system configuration|software installation|endpoint management,itil foundation|cybersecurity basics|basic sql|basic python,active listening|time management|adaptability|attention to detail
it_consultant,IT Consultant,It Service And It Consulting,Mid,troubleshooting|technical documentation|basic networking concepts|basic scripting|requirement gathering,project coordination|agile methodology|cloud administration|data analysis|business process mapping|client relationship management|incident management|system integration,itil intermediate|devops basics|basic power bi|risk assessment,problem solving|cross-functional collaboration|client communication|conflict resolution
senior_it_consultant,Senior IT Consultant,It Service And It Consulting,Senior,troubleshooting|technical documentation|basic networking concepts|basic scripting|requirement gathering|enterprise architecture design,project management|stakeholder management|budget and cost control|advanced cloud solutions|cybersecurity strategy|change management|vendor negotiation|performance optimization,it governance frameworks|digital transformation strategy|ai automation consulting|data privacy compliance,executive presence|strategic thinking|mentoring and coaching|negotiation skills|crisis management
junior_business_analyst,Junior Business Analyst,It Service And It Consulting,Junior,requirements elicitation|user story writing|process mapping|agile methodology fundamentals,jira navigation|confluence documentation|microsoft excel|sql basics|traceability matrix creation|wireframing,python scripting|tableau basics|ecba certification,active listening|adaptability|team collaboration|time management
business_analyst,Business Analyst,It Service And It Consulting,Mid,requirements elicitation|user story writing|process mapping|agile methodology fundamentals|gap analysis,jira configuration|confluence space management|advanced excel macros|intermediate sql queries|sprint facilitation|process optimization|client status reporting|vendor tool evaluation,power bi|aws cloud practitioner|lean six sigma yellow belt|servicenow administration,client relationship building|cross-functional negotiation|conflict resolution|mentoring
senior_business_analyst,Senior Business Analyst,It Service And It Consulting,Senior,requirements elicitation|user story writing|process mapping|agile methodology fundamentals|gap analysis|enterprise architecture alignment,jira enterprise administration|data modeling|itil framework|multi-vendor coordination|cloud migration strategy|kpi dashboard design|budget governance|solution roadmap planning,enterprise portfolio management|saas platform integration|machine learning fundamentals|strategic consulting pitching|advanced power bi,executive presence|stakeholder influence|change leadership|complex problem solving|cross-cultural communication
solution_architect,Solution Architect,It Service And It Consulting,Mid,requirements analysis|system architecture design|cloud platform fundamentals|api integration|technical documentation,agile project management|devops practices|cybersecurity fundamentals|database design|stakeholder mapping|cost estimation,infrastructure as code|container orchestration|itil service management|automated testing workflows,cross-functional collaboration|problem-solving|active listening|adaptability
senior_solution_architect,Senior Solution Architect,It Service And It Consulting,Senior,requirements analysis|system architecture design|cloud platform fundamentals|api integration|technical documentation|enterprise architecture strategy,cloud cost optimization|microservices architecture|security compliance frameworks|solution governance|technical pre-sales|disaster recovery planning|vendor management|business case development,ai/ml solution integration|multi-cloud orchestration|advanced data architecture|regulatory compliance auditing,executive communication|strategic negotiation|team mentorship|change management
junior_cloud_solutions_engineer,Junior Cloud Solutions Engineer,It Service And It Consulting,Junior,cloud platform fundamentals|linux administration|bash scripting|networking concepts,git version control|docker containerization|terraform basics|ci/cd pipeline setup|cloud monitoring tools|agile methodologies|basic troubleshooting,kubernetes fundamentals|powershell scripting|cloud practitioner certification|basic database management,active listening|adaptability|time management|willingness to learn
cloud_solutions_engineer,Cloud Solutions Engineer,It Service And It Consulting,Mid,cloud platform fundamentals|linux administration|bash scripting|networking concepts|infrastructure as code management,advanced terraform usage|container orchestration|multi-environment deployments|cloud security compliance|observability stack implementation|cost management fundamentals,aws solutions architect associate|azure devops expertise|serverless framework design|configuration management with ansible,technical documentation|stakeholder communication|problem solving|cross-functional collaboration
senior_cloud_solutions_engineer,Senior Cloud Solutions Engineer,It Service And It Consulting,Senior,cloud platform fundamentals|linux administration|bash scripting|networking concepts|infrastructure as code management|enterprise architecture design,multi-cloud strategy|disaster recovery planning|advanced security frameworks|performance tuning|automated governance and compliance|vendor relationship management|budget forecasting for cloud spend,cto advisory experience|open source cloud contributions|specialized data engineering pipelines,strategic thinking|mentorship and coaching|executive presentation|crisis management
junior_cybersecurity_consultant,Junior Cybersecurity Consultant,It Service And It Consulting,Junior,vulnerability assessment|network security fundamentals|security compliance basics|siem log analysis,linux system administration|python scripting basics|risk assessment methodologies|ticket triage and escalation|firewall rule analysis,basic forensics tools|security awareness training facilitation|cloud security fundamentals,active listening|adaptability|time management|team collaboration
cybersecurity_consultant,Cybersecurity Consultant,It Service And It Consulting,Mid,vulnerability assessment|network security fundamentals|security compliance basics|siem log analysis|incident response coordination,threat hunting|cloud security administration|compliance auditing frameworks|security automation scripting|client risk reporting|vulnerability management lifecycle|network segmentation design,container security|grc platform administration|threat intelligence analysis|secure code review,stakeholder communication|cross-functional collaboration|presentation skills|problem-solving under pressure
senior_cybersecurity_consultant,Senior Cybersecurity Consultant,It Service And It Consulting,Senior,vulnerability assessment|network security fundamentals|security compliance basics|siem log analysis|incident response coordination|enterprise security architecture,cybersecurity strategy development|security operations design|advanced risk quantification|vendor security management|regulatory compliance oversight|budget and resource planning|third-party risk assessment,zero trust architecture|ai-driven security operations|cyber insurance risk assessment|board-level advisory|merger security due diligence,executive presence|strategic leadership|mentorship and coaching|negotiation and consensus building|crisis decision-making
junior_devops_engineer,Junior DevOps Engineer,It Service And It Consulting,Junior,linux system administration|git version control|shell scripting|ci/cd fundamentals,cloud service basics|networking fundamentals|configuration management tools|monitoring and logging basics|agile development practices,basic python automation|docker container basics|ticketing system navigation,eagerness to learn|active listening|team collaboration
devops_engineer,DevOps Engineer,It Service And It Consulting,Mid,linux system administration|git version control|shell scripting|ci/cd fundamentals|kubernetes administration,advanced cloud services|network troubleshooting|infrastructure as code with terraform|observability platforms implementation|security compliance frameworks|service request management,python for devops|helm chart development|multi-environment deployment|automated testing integration,eagerness to learn|client communication|problem solving|cross-functional collaboration
senior_devops_engineer,Senior DevOps Engineer,It Service And It Consulting,Senior,linux system administration|git version control|shell scripting|ci/cd fundamentals|kubernetes administration|cloud architecture design,enterprise cloud strategy|network automation|iac state management|full-stack observability architecture|devsecops maturity modeling|itil service delivery|disaster recovery planning,edge computing deployment|mlops pipeline architecture|finops implementation|custom toolchain development|legacy system migration,technical leadership|stakeholder negotiation|strategic planning|mentoring and coaching|client relationship management
technical_project_manager,Technical Project Manager,It Service And It Consulting,Mid,agile project management|technical requirement analysis|cross-functional team coordination|project scheduling and resource allocation,risk and issue tracking|jira and confluence administration|stakeholder communication|itil service delivery fundamentals|change management processes|quality assurance coordination,scrum master certification|basic cloud platform knowledge|sql and data querying|api integration concepts,active listening|adaptability|collaborative problem solving|time management
senior_technical_project_manager,Senior Technical Project Manager,It Service And It Consulting,Senior,agile project management|technical requirement analysis|cross-functional team coordination|project scheduling and resource allocation|enterprise program oversight,executive stakeholder management|it service financial modeling|vendor contract negotiation|cloud architecture governance|cybersecurity compliance integration|multi-project portfolio optimization|strategic roadmap planning,pmp or safe framework proficiency|ai and machine learning implementation|microservices architecture design|it service management automation|digital transformation strategy,strategic leadership|executive presence|conflict resolution and negotiation|mentoring and team development|change advocacy
data_architect,Data Architect,It Service And It Consulting,Mid,data modeling|sql|cloud data platforms|etl/elt design|relational database management,data warehousing|dimensional modeling|data governance frameworks|data quality management|apache spark|git|python scripting,real-time data streaming|data virtualization|graph databases|machine learning pipelines,client communication|cross-functional collaboration|analytical problem solving|adaptability|technical documentation
senior_data_architect,Senior Data Architect,It Service And It Consulting,Senior,data modeling|sql|cloud data platforms|etl/elt design|enterprise data architecture,data strategy development|data security and compliance|multi-cloud architecture|data lifecycle management|data mesh concepts|cloud cost optimization|vendor management|agile delivery methodologies,data privacy regulations|lakehouse architecture|advanced data observability|ai-driven data cataloging,strategic leadership|executive stakeholder management|mentoring and coaching|consultative communication|decision making under uncertainty
junior_quality_assurance_analyst,Junior Quality Assurance Analyst,It Service And It Consulting,Junior,software testing fundamentals|manual testing execution|bug tracking and reporting|basic sql querying,test case design|api testing basics|agile and scrum methodology|version control usage|ci/cd fundamentals|requirements analysis,postman usage|git basics|basic python scripting,attention to detail|clear written communication|team collaboration
quality_assurance_analyst,Quality Assurance Analyst,It Service And It Consulting,Mid,software testing fundamentals|manual testing execution|bug tracking and reporting|basic sql querying|automated test scripting,test framework development|advanced api testing|test data management|web automation frameworks|performance testing basics|release cycle coordination|defect lifecycle optimization,docker and containerization|jenkins pipeline configuration|bdd with cucumber|mobile automation basics,analytical problem solving|client communication|adaptability|cross-functional coordination
senior_quality_assurance_analyst,Senior Quality Assurance Analyst,It Service And It Consulting,Senior,software testing fundamentals|manual testing execution|bug tracking and reporting|basic sql querying|automated test scripting|qa architecture design,test automation strategy|performance and load engineering|security testing integration|devops qa pipelines|qa metrics and kpi reporting|enterprise toolchain evaluation|risk-based testing|stakeholder alignment,ai assisted testing tools|chaos engineering|testops implementation|advanced service virtualization,team leadership and mentoring|strategic planning|negotiation and conflict resolution|business value translation
junior_service_desk_analyst,Junior Service Desk Analyst,It Service And It Consulting,Junior,ticketing system proficiency|basic troubleshooting|active directory basics|itil foundations|windows os support,basic networking concepts|microsoft 365 support|sla compliance awareness|knowledge base documentation|hardware configuration|remote desktop assistance,powershell scripting basics|macos troubleshooting|cloud service familiarity|voip support experience,verbal and written communication|problem solving|customer service orientation|time management
junior_erp_implementation_consultant,Junior ERP Implementation Consultant,It Service And It Consulting,Junior,requirement gathering|data mapping|basic erp configuration|test execution,business process documentation|sql fundamentals|microsoft excel proficiency|change request logging|user acceptance testing support|ticket tracking systems,agile fundamentals|python scripting basics|crm platform awareness,active listening|time management|team collaboration|attention to detail
erp_implementation_consultant,ERP Implementation Consultant,It Service And It Consulting,Mid,requirement gathering|data mapping|basic erp configuration|test execution|gap analysis,business process documentation|sql fundamentals|microsoft excel proficiency|change request logging|user acceptance testing support|ticket tracking systems|project coordination|data migration execution,api integration concepts|middleware administration|agile sprint planning|financial module specialization,stakeholder communication|problem solving|client relationship management|presentation delivery|conflict resolution
senior_erp_implementation_consultant,Senior ERP Implementation Consultant,It Service And It Consulting,Senior,requirement gathering|data mapping|basic erp configuration|test execution|gap analysis|enterprise architecture design,business process reengineering|advanced sql optimization|erp project governance|data architecture planning|system performance tuning|compliance auditing|vendor contract management,erp security governance|cloud erp architecture|ai automation integration|industry regulatory compliance|executive dashboard strategy,executive presence|strategic negotiation|team mentorship|crisis management|cross-functional leadership
junior_infrastructure_engineer,Junior Infrastructure Engineer,It Service And It Consulting,Junior,operating system administration|tcp/ip networking|basic shell scripting|virtualization fundamentals,ticketing system management|monitoring and logging tools|itil service delivery basics|backup and recovery procedures|technical documentation standards|basic cloud platform awareness,version control with git|container fundamentals|entry level industry certifications,problem solving|clear verbal and written communication|collaborative teamwork|time management
infrastructure_engineer,Infrastructure Engineer,It Service And It Consulting,Mid,operating system administration|tcp/ip networking|basic shell scripting|virtualization fundamentals|cloud infrastructure provisioning,infrastructure as code|advanced cloud management|identity and access management|load balancing and dns|network security implementation|database administration basics|client requirement analysis,container orchestration|advanced networking configurations|it cost optimization|agile delivery methodologies,stakeholder communication|cross functional collaboration|incident management|analytical thinking
senior_infrastructure_engineer,Senior Infrastructure Engineer,It Service And It Consulting,Senior,operating system administration|tcp/ip networking|basic shell scripting|virtualization fundamentals|cloud infrastructure provisioning|enterprise infrastructure architecture,high availability design|disaster recovery planning|advanced automation pipelines|security compliance governance|vendor and contract management|performance tuning and optimization|technical project leadership,multi cloud strategy|aiops implementation|regulatory compliance frameworks|executive stakeholder negotiation,strategic leadership|technical mentoring|conflict resolution|client relationship management
change_management_consultant,Change Management Consultant,It Service And It Consulting,Mid,change management frameworks|stakeholder mapping|change impact assessment|adoption measurement,it service management fundamentals|agile and waterfall project coordination|training curriculum development|workshop facilitation|business process mapping|risk identification and mitigation,prosci certification|itil v4 foundation|cloud migration basics|data visualization tools,active listening|cross-functional collaboration|adaptability|conflict resolution
senior_change_management_consultant,Senior Change Management Consultant,It Service And It Consulting,Senior,change management frameworks|stakeholder mapping|change impact assessment|adoption measurement|enterprise change strategy,it service lifecycle optimization|portfolio change governance|executive stakeholder alignment|organizational design and culture shift|vendor and contract management|budget and roi forecasting|advanced analytics and reporting,lean six sigma certification|it architecture design principles|digital transformation strategy|merger and acquisition integration experience|advanced change management certification,executive presence and influence|strategic thinking|coaching and mentoring|negotiation and persuasion
delivery_manager,Delivery Manager,It Service And It Consulting,Mid,agile methodology|stakeholder management|project delivery lifecycle|risk management,sprint planning|resource allocation|budget tracking|sla monitoring|client communication|jira administration|itil foundation concepts|ms project,cloud infrastructure basics|basic python scripting|process automation tools|data analytics fundamentals|vendor management,problem solving|active listening|conflict resolution|adaptability
senior_delivery_manager,Senior Delivery Manager,It Service And It Consulting,Senior,agile methodology|stakeholder management|project delivery lifecycle|risk management|strategic portfolio management|enterprise solution architecture,contract negotiation|financial forecasting|multi-vendor coordination|organizational change management|executive reporting|itil expert practices|cloud cost optimization|service transformation,devops pipeline design|ai integration strategy|cybersecurity compliance frameworks|global delivery center operations|merger integration planning,strategic thinking|executive presence|mentoring and coaching|negotiation|crisis leadership
junior_networking_engineer,Junior Networking Engineer,It Service And It Consulting,Junior,tcp/ip fundamentals|basic routing and switching|network troubleshooting|command line interface,vlan configuration|ip subnetting|dhcp and dns administration|basic firewall concepts|wireless networking fundamentals|network documentation,python scripting basics|wireshark packet analysis|basic cloud networking|itil foundation,clear communication|problem solving|eagerness to learn|attention to detail
networking_engineer,Networking Engineer,It Service And It Consulting,Mid,tcp/ip fundamentals|basic routing and switching|network troubleshooting|command line interface|dynamic routing protocols,ospf and bgp configuration|network security fundamentals|network monitoring and alerting|virtualization concepts|basic automation tools|vpn configuration|load balancing basics,terraform infrastructure as code|ansible network automation|advanced packet analysis|software defined networking concepts,client relationship management|project coordination|cross functional collaboration|adaptability
senior_networking_engineer,Senior Networking Engineer,It Service And It Consulting,Senior,tcp/ip fundamentals|basic routing and switching|network troubleshooting|command line interface|dynamic routing protocols|network architecture design,enterprise network design|network security strategy|high availability and disaster recovery|cloud networking integration|capacity planning|vendor management,sdn architecture|aiops integration|zero trust security implementation|multi tenant network design,technical leadership|strategic planning|stakeholder management|mentoring and coaching|executive presentation
junior_data_scientist,Junior Data Scientist,Machine Learning And Data,Junior,python|statistics|sql|data visualization,exploratory data analysis|pandas|numpy|scikit-learn|git|data cleaning|ab testing,r|jupyter|docker basics,analytical thinking|clear communication|teamwork
data_scientist,Data Scientist,Machine Learning And Data,Mid,python|statistics|sql|data visualization|machine learning algorithms,deep learning frameworks|cloud platforms|model deployment|apache spark|data pipeline development|hyperparameter tuning|experiment tracking,mlops basics|graph databases|nlp fundamentals|time series analysis,project management|stakeholder communication|mentorship|cross-functional collaboration
senior_data_scientist,Senior Data Scientist,Machine Learning And Data,Senior,python|statistics|sql|data visualization|machine learning algorithms|ml system architecture,distributed computing|advanced statistical modeling|ml pipeline orchestration|cost optimization|data governance|production monitoring|algorithm optimization,reinforcement learning|federated learning|open source contribution|technical publications,strategic leadership|technical vision|executive communication|team mentoring
junior_machine_learning_engineer,Junior Machine Learning Engineer,Machine Learning And Data,Junior,python|sql|data structures and algorithms|machine learning fundamentals|git,pandas|numpy|scikit-learn|data preprocessing|exploratory data analysis|basic statistics|linux command line,cloud storage basics|docker fundamentals|rest api basics|jupyter lab,active listening|adaptability|time management|team collaboration
machine_learning_engineer,Machine Learning Engineer,Machine Learning And Data,Mid,python|sql|data structures and algorithms|machine learning fundamentals|git|model training and evaluation,pytorch|feature engineering|model deployment|sql optimization|data orchestration|experiment tracking,mlops fundamentals|kubernetes|aws sagemaker|ab testing,cross-functional communication|analytical problem solving|technical documentation|mentorship
senior_machine_learning_engineer,Senior Machine Learning Engineer,Machine Learning And Data,Senior,python|sql|data structures and algorithms|machine learning fundamentals|git|model training and evaluation,ml system architecture|distributed computing|advanced mlops pipelines|model performance tuning|data governance|technical roadmap planning|engineering leadership,large language models|edge ai deployment|open source contribution,executive communication|strategic planning|conflict resolution|cross-team mentorship
junior_data_engineer,Junior Data Engineer,Machine Learning And Data,Junior,python|sql|etl fundamentals|version control,pandas|api integration|data quality testing|jupyter notebooks|relational databases|basic feature engineering,airflow basics|docker fundamentals|dbt basics|data visualization tools,eagerness to learn|attention to detail|teamwork|clear communication
data_engineer,Data Engineer,Machine Learning And Data,Mid,python|sql|etl fundamentals|version control|apache spark|cloud data orchestration,workflow orchestration|dbt|feature stores|mlflow|kafka fundamentals|data observability|data lineage tracking|containerization,infrastructure as code|advanced data governance|performance tuning|stream processing,cross-functional collaboration|stakeholder management|mentoring juniors|agile execution|problem solving
senior_data_engineer,Senior Data Engineer,Machine Learning And Data,Senior,python|sql|etl fundamentals|version control|apache spark|enterprise data architecture,advanced data modeling|real-time streaming architectures|mlops frameworks|data platform security|cost optimization|multi-cloud data strategy|legacy system migration,graph databases|advanced machine learning algorithms|open source contribution|data ethics frameworks,strategic thinking|technical leadership|executive communication|cross-department alignment
junior_ai_research_scientist,Junior AI Research Scientist,Machine Learning And Data,Junior,python programming|machine learning fundamentals|statistical analysis|data preprocessing,pandas|numpy|scikit-learn|git version control|jupyter notebooks|sql|docker,reinforcement learning basics|basic natural language processing|basic computer vision,curiosity|active learning|clear communication|collaborative teamwork
ai_research_scientist,AI Research Scientist,Machine Learning And Data,Mid,python programming|machine learning fundamentals|statistical analysis|data preprocessing|deep learning architectures,pytorch|tensorflow|mlops fundamentals|cloud platforms|hyperparameter tuning|experiment tracking|advanced sql|linux environments,generative adversarial networks|transformer architectures|model optimization techniques,cross-functional collaboration|technical documentation|mentorship|problem solving
senior_ai_research_scientist,Senior AI Research Scientist,Machine Learning And Data,Senior,python programming|machine learning fundamentals|statistical analysis|data preprocessing|deep learning architectures|research strategy,distributed training frameworks|advanced cloud infrastructure|kubernetes|mlops orchestration|mlflow|model monitoring|data pipeline architecture|performance optimization,open source project leadership|patent drafting|research grant writing|conference peer reviewing,strategic leadership|stakeholder management|research publication mentorship|critical thinking
junior_mlops_engineer,Junior MLOps Engineer,Machine Learning And Data,Junior,python programming|git version control|linux bash scripting|docker basics,machine learning frameworks|sql querying|rest api development|data preprocessing|cloud service fundamentals|notebook based development,data visualization|markdown documentation|agile workflow basics,effective communication|adaptability|attention to detail|continuous learning
mlops_engineer,MLOps Engineer,Machine Learning And Data,Mid,python programming|git version control|linux bash scripting|docker basics|ml pipeline orchestration,mlflow model tracking|data version control|kubernetes fundamentals|cloud platform proficiency|feature store integration|ml testing frameworks|continuous integration setup,serverless architecture|gpu optimization|hyperparameter automation|vector database management,cross functional collaboration|analytical problem solving|time management|technical documentation
senior_mlops_engineer,Senior MLOps Engineer,Machine Learning And Data,Senior,python programming|git version control|linux bash scripting|docker basics|ml pipeline orchestration|enterprise mlops architecture,infrastructure as code|advanced kubernetes management|model governance compliance|cloud cost optimization|security best practices|data engineering pipelines|production monitoring systems|disaster recovery strategies,edge ai deployment|federated learning|custom mlops tooling|open source community leadership,technical leadership|mentorship and coaching|strategic planning|executive stakeholder management
junior_data_architect,Junior Data Architect,Machine Learning And Data,Junior,sql fundamentals|relational database management|basic data modeling|cloud storage basics,python scripting|etl fundamentals|data warehousing concepts|version control systems|data quality assessment|business intelligence tools,basic machine learning workflows|containerization basics|data catalog tools,effective communication|problem solving|adaptability|attention to detail
data_architect,Data Architect,Machine Learning And Data,Mid,sql fundamentals|relational database management|basic data modeling|cloud storage basics|distributed data processing,python data engineering|etl pipeline orchestration|data governance frameworks|cloud data platform services|data security compliance|ci cd for data workflows,feature store implementation|graph database design|real time streaming architectures|mlops tooling,cross functional collaboration|technical documentation|mentoring junior developers|stakeholder management
senior_data_architect,Senior Data Architect,Machine Learning And Data,Senior,sql fundamentals|relational database management|basic data modeling|cloud storage basics|distributed data processing|enterprise data architecture design,python advanced programming|etl pipeline optimization|data mesh principles|cross cloud interoperability|cost optimization strategies|machine learning infrastructure management|strategic data roadmapping,data monetization strategies|ai ethics governance frameworks|automated data lineage tracking,executive communication|strategic leadership|change management|negotiation skills
junior_computer_vision_engineer,Junior Computer Vision Engineer,Machine Learning And Data,Junior,python programming|opencv|image processing|neural network fundamentals,git version control|linux command line|basic statistics|jupyter notebooks|rest apis|unit testing,cuda basics|synthetic data generation|basic 3d vision,continuous learning mindset|receptive to feedback|time management|team collaboration
computer_vision_engineer,Computer Vision Engineer,Machine Learning And Data,Mid,python programming|opencv|image processing|neural network fundamentals|deep learning frameworks,docker containerization|ci/cd pipelines|mlops tools|object detection models|model evaluation metrics|data pipeline tools|sql querying|cloud computing services,vision transformers|edge ai deployment|multi-sensor fusion|gpu cluster management,cross-team communication|mentoring abilities|project estimation|stakeholder alignment
senior_computer_vision_engineer,Senior Computer Vision Engineer,Machine Learning And Data,Senior,python programming|opencv|image processing|neural network fundamentals|deep learning frameworks|computer vision architecture design,distributed training systems|advanced mlops|performance optimization|technical documentation|cross-functional leadership|code review standards|ai compliance frameworks|strategic roadmapping,patent writing|open source project maintenance|ai research publication|vendor management,executive presentation|strategic planning|team building|conflict resolution|change management
junior_nlp_engineer,Junior NLP Engineer,Machine Learning And Data,Junior,python programming|nlp fundamentals|text preprocessing|ml basics,sql querying|pandas data manipulation|jupyter notebook workflows|scikit-learn models|rest api development|linux command line,bash scripting|basic statistics|academic paper review|kaggle participation,curiosity and continuous learning|clear written communication|time management|collaborative teamwork
nlp_engineer,NLP Engineer,Machine Learning And Data,Mid,python programming|nlp fundamentals|text preprocessing|ml basics|transformer architectures,advanced sql data pipelines|feature engineering|docker containerization|cloud deployment platforms|experiment tracking tools|api integration|model evaluation metrics,prompt engineering techniques|knowledge graph integration|multilingual model fine-tuning|graph neural networks,cross-functional communication|independent problem solving|mentorship capabilities|agile adaptability|receptiveness to feedback
senior_nlp_engineer,Senior NLP Engineer,Machine Learning And Data,Senior,python programming|nlp fundamentals|text preprocessing|ml basics|transformer architectures|production system design,ci/cd for machine learning|model monitoring and observability|inference optimization|llm cost management|technical documentation|compliance and data security|scalable data engineering,ai ethics and governance|open source project leadership|patent development|cross-industry research collaboration,technical leadership and vision|stakeholder management|strategic planning|conflict resolution|talent development
junior_analytics_engineer,Junior Analytics Engineer,Machine Learning And Data,Junior,sql|python programming|git version control|data modeling basics,etl/elt fundamentals|cloud warehouse navigation|basic data validation|agile/jira workflows|command line proficiency|data visualization tools,docker basics|rest api consumption|markdown documentation|introductory machine learning,attention to detail|eagerness to learn|team collaboration|time management
analytics_engineer,Analytics Engineer,Machine Learning And Data,Mid,sql|python programming|git version control|data modeling basics|pipeline orchestration,cloud warehouse optimization|advanced data validation frameworks|ci/cd pipelines for data|cross-functional agile planning|cloud cost awareness|api data integration|basic feature engineering|data cataloging,kafka basics|dbt macro creation|terraform fundamentals|query performance tuning,problem solving|cross-functional communication|mentoring peers|proactive ownership
senior_analytics_engineer,Senior Analytics Engineer,Machine Learning And Data,Senior,sql|python programming|git version control|data modeling basics|pipeline orchestration|enterprise data architecture,infrastructure as code|data governance frameworks|enterprise security compliance|scalable system design|ml ops integration|vendor/tech stack evaluation|cost-benefit analysis|cross-team technical strategy,custom orchestration plugins|data privacy regulation expertise|open source leadership|advanced feature store management|enterprise data strategy formulation,technical leadership|stakeholder management|strategic planning|conflict resolution|executive communication
junior_deep_learning_engineer,Junior Deep Learning Engineer,Machine Learning And Data,Junior,python programming|pytorch|neural network fundamentals|git version control,tensorflow|scikit-learn|pandas|numpy|sql|jupyter notebooks,linear algebra basics|cuda fundamentals|data visualization|kaggle participation,curiosity|attention to detail|time management|willingness to learn
deep_learning_engineer,Deep Learning Engineer,Machine Learning And Data,Mid,python programming|pytorch|neural network fundamentals|git version control|distributed training,tensorflow|scikit-learn|pandas|numpy|sql|jupyter notebooks|mlflow,model compression|docker|ci/cd pipelines|reinforcement learning|graph neural networks,cross-functional collaboration|technical documentation|code review|problem decomposition
senior_deep_learning_engineer,Senior Deep Learning Engineer,Machine Learning And Data,Senior,python programming|pytorch|neural network fundamentals|git version control|distributed training|ml system architecture,tensorflow|scikit-learn|pandas|numpy|sql|jupyter notebooks|mlflow|cloud ml platforms,quantization techniques|federated learning|kubernetes orchestration|gpu cluster management,technical leadership|stakeholder communication|mentorship|strategic planning
junior_ml_platform_engineer,Junior ML Platform Engineer,Machine Learning And Data,Junior,python programming|docker containerization|git version control|cloud platform fundamentals,sql querying|ci/cd pipeline configuration|rest api development|unit testing|data preprocessing|model training workflows,bash scripting|github actions|basic linux administration,eagerness to learn|active listening|time management
ml_platform_engineer,ML Platform Engineer,Machine Learning And Data,Mid,python programming|docker containerization|git version control|cloud platform fundamentals|kubernetes orchestration,sql querying|ci/cd pipeline configuration|rest api development|unit testing|data preprocessing|model training workflows|mlflow experiment tracking,prometheus monitoring|terraform infrastructure as code|model registry management|feature store implementation,eagerness to learn|active listening|time management|cross-functional collaboration
senior_ml_platform_engineer,Senior ML Platform Engineer,Machine Learning And Data,Senior,python programming|docker containerization|git version control|cloud platform fundamentals|kubernetes orchestration|distributed systems architecture,sql querying|ci/cd pipeline configuration|rest api development|unit testing|mlflow experiment tracking|airflow workflow orchestration|production model deployment|cost optimization,custom kubernetes operators|gpu cluster optimization|serverless inference patterns|multi-region disaster recovery,eagerness to learn|active listening|time management|cross-functional collaboration|strategic technical leadership
senior_director_of_machine_learning,Senior Director of Machine Learning,Machine Learning And Data,Senior,strategic ml vision|production ml architecture|cross-functional team leadership|mlops and model lifecycle management|business impact translation|data security and compliance,cloud-native ml platforms|deep learning and neural networks|technical talent development|agile program delivery|stakeholder alignment|model performance optimization|vendor and budget management,large language model integration|open source project stewardship|academic research background|multi-cloud deployment strategy|industry-specific ai ethics frameworks,executive communication|strategic decision making|conflict resolution|change leadership|empathetic mentorship
senior_chief_data_officer,Senior Chief Data Officer,Machine Learning And Data,Senior,enterprise data strategy|data governance and regulatory compliance|machine learning operations|cloud data architecture design|executive leadership and stakeholder alignment,advanced predictive modeling and statistical analysis|ai ethics and responsible ai frameworks|technology vendor and ecosystem management|budget allocation and roi optimization|master data management and quality assurance|scalable data engineering and pipeline orchestration|cross-organizational change management,large language model fine-tuning experience|privacy-preserving and federated learning|data monetization and commercialization strategies|peer-reviewed research and publication background,strategic communication and executive storytelling|influence without formal authority|crisis navigation and decision-making under uncertainty|executive mentorship and talent development
senior_principal_data_scientist,Senior Principal Data Scientist,Machine Learning And Data,Senior,ml system architecture|advanced statistical modeling|mlops design|technical leadership|data product strategy,cloud computing platforms|deep learning frameworks|model monitoring|experimental design and hypothesis testing|advanced python development|data governance|agile project management,llm fine-tuning|graph neural networks|edge inference optimization|open source ml contributions,executive communication|cross-functional collaboration|technical mentorship|strategic thinking
senior_vice_president_of_data_science,Senior Vice President of Data Science,Machine Learning And Data,Senior,strategic data science leadership|enterprise machine learning architecture|mlops at scale|data governance and regulatory compliance|cross-functional executive alignment,cloud infrastructure optimization|predictive modeling and statistical inference|ai product lifecycle management|data team recruitment and retention|budget forecasting and roi analysis|model risk and fairness auditing|technical vendor evaluation,large language model fine-tuning|graph neural networks|open-source community contribution|specialized hardware architecture,executive communication and storytelling|strategic decision-making under ambiguity|organizational change leadership|conflict resolution and negotiation
junior_software_engineer,Junior Software Engineer,Software Development,Junior,object-oriented programming|git version control|data structures and algorithms|unit testing,rest api fundamentals|agile development practices|sql database queries|debugging techniques|code review participation|basic ci/cd workflows,docker containerization basics|javascript frameworks|open source contribution|basic linux administration,continuous learning|clear communication|team collaboration|adaptability
software_engineer,Software Engineer,Software Development,Mid,object-oriented programming|git version control|data structures and algorithms|unit testing|design patterns,rest api development|cloud platform deployment|advanced sql optimization|test driven development|agile sprint planning|ci/cd pipeline management|system monitoring and logging,microservices fundamentals|frontend full stack integration|security compliance basics|database sharding strategies,peer mentorship|technical documentation|cross team coordination|constructive feedback delivery
senior_software_engineer,Senior Software Engineer,Software Development,Senior,object-oriented programming|git version control|data structures and algorithms|unit testing|design patterns|distributed systems architecture,cloud native architecture|microservices orchestration|system performance tuning|enterprise security frameworks|devops infrastructure strategy|scalable database design|technical risk assessment,machine learning integration|blockchain protocol design|multi region disaster recovery|advanced compiler optimization,strategic leadership|stakeholder management|conflict resolution|cross functional negotiation
junior_frontend_developer,Junior Frontend Developer,Software Development,Junior,html|css|javascript|git,responsive design|dom manipulation|css flexbox and grid|npm|browser developer tools|json,sass|basic typescript|figma|tailwind css,eagerness to learn|clear communication|time management|adaptability
frontend_developer,Frontend Developer,Software Development,Mid,html|css|javascript|git|typescript,responsive design|state management|rest and graphql integration|frontend testing|build tools and bundlers|performance optimization basics|code review practices,next.js|ci cd pipelines|accessibility standards|css in js,problem solving|mentoring junior developers|cross functional collaboration|ownership of deliverables
senior_frontend_developer,Senior Frontend Developer,Software Development,Senior,html|css|javascript|git|typescript|frontend architecture,advanced state management|full stack integration|ci cd and deployment|performance tuning and monitoring|system scalability planning|technical documentation|security best practices,webassembly|advanced animation libraries|micro frontends|internationalization,strategic planning|stakeholder management|technical leadership|conflict resolution
junior_backend_developer,Junior Backend Developer,Software Development,Junior,backend programming|relational databases|rest api design|version control,json data formats|http protocols|basic linux commands|api documentation|agile methodologies|code review participation|basic debugging,graphql basics|nosql databases|ci/cd fundamentals|open source contribution,problem solving|attention to detail|adaptability|active listening
backend_developer,Backend Developer,Software Development,Mid,backend programming|relational databases|rest api design|version control|automated testing,api security standards|database optimization|docker containers|message queuing|cloud services basics|test driven development|log management|performance profiling,kubernetes orchestration|infrastructure as code|graphql implementation|advanced profiling,problem solving|attention to detail|adaptability|cross functional collaboration|technical documentation
senior_backend_developer,Senior Backend Developer,Software Development,Senior,backend programming|relational databases|rest api design|version control|automated testing|system architecture design,microservices patterns|event driven systems|multi cloud deployment|distributed caching|reliability engineering|technical debt management|capacity planning,machine learning integration|blockchain development|advanced security auditing|compiler optimization,strategic planning|technical leadership|conflict resolution|executive communication|team mentorship
junior_full_stack_developer,Junior Full Stack Developer,Software Development,Junior,html and css fundamentals|javascript programming|git version control|rest api basics,frontend framework proficiency|backend server fundamentals|relational database querying|responsive web design|browser debugging|agile methodology basics,unit testing frameworks|css preprocessors|basic cloud platform navigation|introductory devops concepts,eagerness to learn|active listening|time management|team collaboration
full_stack_developer,Full Stack Developer,Software Development,Mid,html and css fundamentals|javascript programming|git version control|rest api basics|typescript,advanced frontend state management|backend api development and security|database schema design|automated testing unit and integration|containerization with docker|cicd pipeline configuration|cloud infrastructure fundamentals aws and gcp,graphql implementation|serverless computing|advanced state management patterns|web performance optimization|progressive web app development,constructive feedback delivery|cross-functional communication|independent problem resolution|task prioritization under pressure
senior_full_stack_developer,Senior Full Stack Developer,Software Development,Senior,html and css fundamentals|javascript programming|git version control|rest api basics|typescript|distributed system architecture,microservices design and orchestration|database scaling and optimization|advanced security practices|devops and infrastructure automation|cloud native application deployment|technical debt management|advanced cicd strategies|observability and monitoring setup,machine learning integration|blockchain development|advanced data streaming architectures|multi-cloud strategy|open source project leadership,technical mentorship and coaching|stakeholder expectation management|strategic decision making|conflict resolution|cross-team alignment
junior_devops_engineer,Junior DevOps Engineer,Software Development,Junior,linux administration|git version control|bash scripting|ci/cd concepts,cloud fundamentals|yaml configuration|monitoring and logging basics|virtualization concepts|agile methodology|package management,ansible basics|terraform basics|kubernetes concepts,willingness to learn|communication|problem-solving|time management
devops_engineer,DevOps Engineer,Software Development,Mid,linux administration|git version control|bash scripting|ci/cd concepts|infrastructure as code,advanced docker|kubernetes administration|jenkins pipeline development|cloud service management|prometheus and grafana|devsecops practices,serverless architecture|microservices patterns|gitops workflows|ci/cd security scanning,cross-functional collaboration|mentoring juniors|incident response coordination|technical documentation
senior_devops_engineer,Senior DevOps Engineer,Software Development,Senior,linux administration|git version control|bash scripting|ci/cd concepts|infrastructure as code|cloud architecture design,multi-cloud strategy|kubernetes cluster architecture|cost optimization|disaster recovery planning|sre principles|policy as code,ai-driven ops automation|chaos engineering|enterprise security compliance|custom platform engineering,technical leadership|stakeholder management|strategic planning|change management
junior_quality_assurance_engineer,Junior Quality Assurance Engineer,Software Development,Junior,manual testing|test case design|defect tracking|software development lifecycle,functional testing|regression testing|sql fundamentals|version control|basic api testing|agile methodologies,basic performance testing|mobile testing|accessibility testing|test documentation,attention to detail|written communication|analytical thinking|adaptability|time management
quality_assurance_engineer,Quality Assurance Engineer,Software Development,Mid,manual testing|test case design|defect tracking|software development lifecycle|test automation frameworks,api testing|sql database querying|git version control|ci/cd integration|agile scrum practices|cross-platform testing|test data management,security testing fundamentals|docker containerization|performance monitoring|mobile test automation,cross-functional collaboration|constructive feedback|task prioritization|peer mentoring
senior_quality_assurance_engineer,Senior Quality Assurance Engineer,Software Development,Senior,manual testing|test case design|defect tracking|software development lifecycle|test automation frameworks|qa architecture design,cloud infrastructure testing|microservices testing strategies|test planning and roadmap|ci/cd pipeline optimization|code review and quality gates|risk-based testing|quality metrics and reporting,ai-driven testing|legacy system migration validation|devsecops implementation,technical leadership|executive communication|strategic decision making
junior_mobile_application_developer,Junior Mobile Application Developer,Software Development,Junior,kotlin programming|swift programming|version control with git|rest api integration,agile methodology|postman for api testing|json parsing|figma to ui translation|basic app store deployment|unit testing fundamentals|mobile debugging tools,flutter basics|react native fundamentals|firebase integration|basic ci cd setup,eagerness to learn|active listening|time management|team collaboration
mobile_application_developer,Mobile Application Developer,Software Development,Mid,kotlin programming|swift programming|version control with git|rest api integration|advanced state management,mvvm and mvi patterns|dependency injection|automated ui testing|crash analytics monitoring|cross-platform development|memory optimization|app store optimization|developer documentation,graphql implementation|wearable os development|ar integration|basic backend development,cross-functional communication|mentorship of juniors|adaptability to pivoting requirements|conflict resolution|proactive problem solving
senior_mobile_application_developer,Senior Mobile Application Developer,Software Development,Senior,kotlin programming|swift programming|version control with git|rest api integration|advanced state management|mobile system architecture design,enterprise scalability planning|mobile security best practices|advanced performance profiling|mobile devops orchestration|third-party sdk evaluation|technical debt management|multi-tenant app design|api versioning strategies,on-device machine learning|mobile payment gateway integration|open source contribution leadership|cross-platform sdk development,strategic technical vision|stakeholder alignment|engineering team leadership|executive communication|change management
junior_site_reliability_engineer,Junior Site Reliability Engineer,Software Development,Junior,linux operating systems|bash scripting|networking fundamentals|git version control,docker basics|ci/cd fundamentals|monitoring tools|troubleshooting methodologies|python basics|log aggregation,ansible|basic terraform|shell automation|basic sql queries,problem solving|adaptability|written communication|eagerness to learn
site_reliability_engineer,Site Reliability Engineer,Software Development,Mid,linux operating systems|bash scripting|networking fundamentals|git version control|cloud platform operations,kubernetes administration|infrastructure as code|pipeline optimization|observability dashboards|incident command|performance profiling|database administration|security compliance,chaos engineering|machine learning pipelines|cost optimization frameworks|api gateway management,cross-functional collaboration|technical mentorship|documentation best practices|stakeholder alignment|agile methodology
senior_site_reliability_engineer,Senior Site Reliability Engineer,Software Development,Senior,linux operating systems|bash scripting|networking fundamentals|git version control|cloud platform operations|distributed systems design,sre framework implementation|sli/slo/eli architecture|service mesh deployment|capacity planning|advanced incident response|disaster recovery orchestration|cloud cost optimization|enterprise security integration,multi-cloud architecture|custom kubernetes operators|aiops implementation|open source project leadership|patent research,strategic technical leadership|executive communication|organizational change management|crisis decision making|talent development
junior_embedded_software_engineer,Junior Embedded Software Engineer,Software Development,Junior,c programming|embedded microcontrollers|basic debugging tools|real-time operating systems fundamentals,git version control|serial communication protocols|schematic reading|unit testing|linux command line|technical documentation,python scripting|oscilloscope usage|matlab simulink basics|edge computing fundamentals,clear communication|adaptability|collaborative teamwork
embedded_software_engineer,Embedded Software Engineer,Software Development,Mid,c programming|embedded microcontrollers|basic debugging tools|real-time operating systems fundamentals|memory and power optimization,git version control|serial communication protocols|schematic reading|unit testing|linux command line|technical documentation|continuous integration pipelines|performance profiling,fpga prototyping|yocto linux builds|bluetooth le mesh|automated test frameworks|static analysis configuration,cross-functional coordination|technical mentoring|conflict resolution|agile methodology facilitation
senior_embedded_software_engineer,Senior Embedded Software Engineer,Software Development,Senior,c programming|embedded microcontrollers|basic debugging tools|real-time operating systems fundamentals|memory and power optimization|firmware architecture design,git version control|serial communication protocols|schematic reading|unit testing|linux command line|technical documentation|continuous integration pipelines|security compliance frameworks,functional safety iso 26262|misra compliance|rtos kernel modification|multi-core smp systems|hardware security modules,technical leadership|strategic project planning|stakeholder management|crisis decision-making|cross-team alignment
junior_database_developer,Junior Database Developer,Software Development,Junior,sql|relational database design|procedural sql|version control|data modeling,database administration basics|query debugging|git|agile methodology|unit testing|data normalization,nosql basics|bash scripting|json processing|basic data warehousing,attention to detail|eagerness to learn|time management|clear communication
database_developer,Database Developer,Software Development,Mid,sql|relational database design|procedural sql|version control|data modeling|etl pipelines,query optimization|database performance tuning|aws rds|ci/cd pipelines|database security|api integration|technical documentation|schema versioning,nosql databases|python scripting|docker containerization|kafka streaming|data vault modeling,cross-team collaboration|analytical problem solving|stakeholder management|knowledge sharing
senior_database_developer,Senior Database Developer,Software Development,Senior,sql|relational database design|procedural sql|version control|data modeling|database architecture,high availability design|disaster recovery planning|cloud cost optimization|microservices data patterns|advanced performance profiling|team code reviews|data governance compliance|infrastructure as code,distributed database systems|graphql|machine learning data pipelines|blockchain data structures,technical leadership|strategic planning|mentoring and coaching|conflict resolution
senior_systems_architect,Senior Systems Architect,Software Development,Senior,distributed systems architecture|cloud infrastructure design|enterprise software architecture patterns|system scalability and performance optimization|api and microservices ecosystem design,continuous integration and continuous deployment pipelines|container orchestration and virtualization|devops practices and infrastructure as code|security architecture and threat modeling|polyglot persistence and database architecture|distributed observability and monitoring frameworks|technical architecture documentation,machine learning system integration|legacy platform modernization|multi-cloud and hybrid cloud strategy|event-driven architecture design,cross-functional technical leadership|stakeholder alignment and communication|engineering mentorship and coaching|strategic technology roadmap planning
senior_cloud_solutions_architect,Senior Cloud Solutions Architect,Software Development,Senior,cloud architecture design|distributed systems architecture|infrastructure as code|cloud security governance|enterprise solution design,containerization and orchestration|continuous integration and deployment pipelines|cloud cost management and optimization|observability and performance monitoring|api design and integration|disaster recovery and high availability planning,serverless computing architecture|machine learning operations infrastructure|edge computing deployment strategies|legacy application modernization,executive stakeholder management|technical leadership and mentorship|strategic decision making|cross-functional collaboration
engineering_manager,Engineering Manager,Software Development,Mid,agile methodology|team leadership|technical project management|software development lifecycle,ci cd pipeline coordination|version control workflows|sprint planning and execution|code review facilitation|cross functional collaboration|performance evaluation,cloud platform fundamentals|automated testing frameworks|basic devops practices|engineering metrics tracking,effective communication|mentoring and coaching|conflict resolution|active listening
senior_engineering_manager,Senior Engineering Manager,Software Development,Senior,agile methodology|team leadership|technical project management|software development lifecycle|strategic engineering planning,advanced ci cd optimization|scalable version control strategies|product roadmap development|executive reporting|resource allocation|stakeholder alignment|engineering process improvement,enterprise architecture oversight|cloud infrastructure cost management|engineering analytics platforms|technical due diligence,strategic thinking|executive presence|change management|complex negotiation
technical_lead,Technical Lead,Software Development,Mid,full-stack development|agile methodology|version control systems|ci/cd pipelines|code review practices,cloud services integration|restful api design|relational database management|automated testing frameworks|containerization basics|microservices fundamentals|technical documentation,frontend framework specialization|machine learning integration|performance profiling,cross-functional collaboration|conflict resolution|time management|mentoring junior developers
senior_technical_lead,Senior Technical Lead,Software Development,Senior,full-stack development|agile methodology|version control systems|ci/cd pipelines|code review practices|system architecture design,enterprise security compliance|distributed systems engineering|advanced database optimization|infrastructure as code|cross-platform deployment strategies|stakeholder management|technical roadmap planning,ai-driven devops automation|open source project leadership|blockchain architecture|multi-cloud orchestration,strategic decision making|executive communication|team leadership and motivation|change management
senior_principal_software_engineer,Senior Principal Software Engineer,Software Development,Senior,software architecture|distributed systems design|cloud-native development|performance tuning and optimization|technical system design,microservices implementation|ci/cd pipeline orchestration|database architecture and optimization|api design and integration|automated testing strategies|application security best practices|agile delivery methodologies,machine learning system integration|event-driven architecture|infrastructure as code|open-source community engagement,technical mentorship|stakeholder communication|cross-functional collaboration|strategic decision making
senior_director_of_software_engineering,Senior Director of Software Engineering,Software Development,Senior,software engineering leadership|enterprise system architecture|technical strategy execution|cross-functional team management|engineering operational excellence,agile and devops practices|cloud-native infrastructure management|engineering metrics and kpi tracking|budget and resource planning|product lifecycle alignment|security and compliance governance|vendor and partner management,artificial intelligence integration|open source ecosystem strategy|global team scaling and localization|enterprise data architecture|patent and intellectual property development,executive stakeholder communication|strategic conflict resolution|empathetic mentorship and coaching|change management and adaptability|cross-departmental influence
senior_vice_president_of_engineering,Senior Vice President of Engineering,Software Development,Senior,strategic engineering leadership|distributed systems architecture|executive team building|software delivery optimization|cloud-native infrastructure management,technical debt management|budget forecasting|agile and lean methodologies|cross-functional stakeholder alignment|compliance and data security|vendor negotiation|engineering metrics and kpi tracking,open-source governance|ai/ops implementation|m&a technical due diligence|patent portfolio management,executive presence|decisive leadership under ambiguity|empathetic mentorship|strategic conflict resolution|organizational change management
junior_production_operator,Junior Production Operator,Manufacturing,Junior,machine operation fundamentals|safety protocol compliance|standard operating procedure adherence|basic quality control inspection,manual material handling|basic measurement tool usage|production line monitoring|equipment cleaning and sanitation|shift reporting documentation|hazard identification,forklift operator certification|basic plc interface navigation|iso manufacturing standards awareness,attention to detail|punctuality and reliability|clear verbal communication|adaptability to repetitive tasks
production_operator,Production Operator,Manufacturing,Mid,machine operation fundamentals|safety protocol compliance|standard operating procedure adherence|basic quality control inspection|equipment troubleshooting and diagnostics,statistical process control tracking|cross-functional line training|advanced measurement tool calibration|lean manufacturing principles|production data logging and analysis|sop revision contribution|preventive maintenance scheduling,certified lean green belt|cnc programming fundamentals|erp system data entry|welding or fabrication basics,problem-solving initiative|cross-shift collaboration|coaching junior staff|stress resilience during outages|time prioritization
senior_production_operator,Senior Production Operator,Manufacturing,Senior,machine operation fundamentals|safety protocol compliance|standard operating procedure adherence|basic quality control inspection|equipment troubleshooting and diagnostics|advanced production line optimization,production workflow architecture|advanced lean six sigma implementation|supply chain coordination|capital equipment commissioning|cross-departmental training design|quality assurance auditing|regulatory compliance management,certified six sigma black belt|advanced predictive maintenance software|process engineering degree|multilingual technical documentation,strategic leadership|change management facilitation|executive level reporting|conflict mediation|mentoring and talent development
junior_quality_assurance_inspector,Junior Quality Assurance Inspector,Manufacturing,Junior,visual inspection|precision measurement tool operation|blueprint and specification reading|quality record documentation,iso 9001 fundamentals|defect categorization basics|sampling plan execution|safety protocol adherence|production line workflow knowledge|basic non-conformance reporting,basic erp navigation|introductory 3d modeling familiarity|manual data entry automation,attention to detail|active listening|time management|adaptability
quality_assurance_inspector,Quality Assurance Inspector,Manufacturing,Mid,visual inspection|precision measurement tool operation|blueprint and specification reading|quality record documentation|statistical process control,internal audit execution|root cause analysis|corrective action implementation|lean manufacturing principles|advanced metrology application|cross-functional team coordination|supplier material verification,sql for quality data extraction|cad software proficiency|automation inspection system setup|quality technician certification,critical thinking|conflict navigation|constructive feedback delivery|stress resilience
senior_quality_assurance_inspector,Senior Quality Assurance Inspector,Manufacturing,Senior,visual inspection|precision measurement tool operation|blueprint and specification reading|quality record documentation|statistical process control|quality management system architecture,strategic quality planning|advanced risk management|regulatory compliance leadership|supplier quality engineering|continuous improvement strategy|audit program development|manufacturing process optimization,six sigma black belt certification|predictive analytics implementation|industry 4.0 integration strategy|international standard development,executive communication|mentorship and development|strategic decision making|change management leadership
junior_maintenance_technician,Junior Maintenance Technician,Manufacturing,Junior,basic mechanical repair|preventive maintenance procedures|electrical safety and lockout tagout|hand and power tool operation,blueprint and schematic reading|inventory management|routine lubrication|basic welding and fabrication|cmms data entry|equipment calibration assistance,industrial robotics fundamentals|hvac basics|3d cad modeling awareness|safety compliance preparation,attention to detail|eagerness to learn|basic verbal communication|adaptability to shift changes
maintenance_technician,Maintenance Technician,Manufacturing,Mid,basic mechanical repair|preventive maintenance procedures|electrical safety and lockout tagout|hand and power tool operation|plc and control system diagnostics,advanced hydraulic and pneumatic systems|predictive maintenance techniques|cmms workflow management|root cause analysis|multi-discipline troubleshooting|vendor coordination|quality control compliance,six sigma green belt|advanced vibration analysis|hmi scada programming|lean manufacturing certification,problem solving under pressure|team collaboration|peer mentoring|time and priority management
senior_maintenance_technician,Senior Maintenance Technician,Manufacturing,Senior,basic mechanical repair|preventive maintenance procedures|electrical safety and lockout tagout|hand and power tool operation|plc and control system diagnostics|reliability engineering and maintenance strategy,reliability centered maintenance|capital project planning|lean manufacturing principles|cmms configuration and analytics|regulatory compliance auditing|maintenance budget management|cross-functional project coordination,iot and industrial network integration|digital twin implementation|lean six sigma black belt|energy management and sustainability,strategic planning|leadership and delegation|stakeholder communication|conflict resolution
junior_process_engineer,Junior Process Engineer,Manufacturing,Junior,process mapping|statistical process control|lean manufacturing basics|manufacturing safety protocols,data entry and documentation|basic cad interpretation|time and motion studies|quality management system fundamentals|erp data navigation|technical report writing,python basics|discrete manufacturing internship experience|3d printing prototyping|iso 9001 awareness,attention to detail|eagerness to learn|active listening|time management
process_engineer,Process Engineer,Manufacturing,Mid,process mapping|statistical process control|lean manufacturing basics|manufacturing safety protocols|fmea and root cause analysis,value stream mapping|minitab statistical analysis|p&id interpretation|cross-functional troubleshooting|capa implementation|mes system proficiency|cost reduction analysis,six sigma green belt|basic plc programming|discrete event simulation|continuous improvement facilitation,cross-functional collaboration|problem-solving under pressure|stakeholder communication|conflict resolution|peer mentoring
senior_process_engineer,Senior Process Engineer,Manufacturing,Senior,process mapping|statistical process control|lean manufacturing basics|manufacturing safety protocols|fmea and root cause analysis|process architecture and optimization,advanced value stream mapping|design of experiments|advanced mes and erp integration|multi-site process standardization|vendor and contractor management|change management frameworks|regulatory compliance auditing,six sigma master black belt|advanced digital twin modeling|patent process development|industry 4.0 iiot architecture,strategic thinking|executive presentation|change leadership|cross-departmental influence|crisis management
junior_supply_chain_coordinator,Junior Supply Chain Coordinator,Manufacturing,Junior,inventory tracking|purchase order processing|data entry|basic erp navigation,raw material requisition|quality inspection logging|supplier communication|basic forecasting support|warehouse safety compliance|shipping schedule coordination,barcode scanning systems|introductory lean principles|basic excel macros,attention to detail|time management|adaptability|team collaboration
supply_chain_coordinator,Supply Chain Coordinator,Manufacturing,Mid,inventory tracking|purchase order processing|data entry|basic erp navigation|procurement analytics,demand forecasting|cost analysis|cross-functional coordination|logistics optimization|quality assurance collaboration|kpi dashboard creation|inventory turnover management,contract negotiation|risk management frameworks|supply chain simulation tools|sustainability compliance tracking,problem solving|stakeholder communication|conflict resolution|proactive decision making
senior_supply_chain_coordinator,Senior Supply Chain Coordinator,Manufacturing,Senior,inventory tracking|purchase order processing|data entry|basic erp navigation|procurement analytics|supply chain network design,strategic vendor partnerships|global logistics management|continuous improvement methodology|budget management|crisis contingency planning|supplier diversity initiatives|technology integration roadmaps,advanced predictive modeling|digital twin implementation|executive level presentations|change management leadership,strategic leadership|negotiation|cross-cultural communication|mentoring and coaching
plant_manager,Plant Manager,Manufacturing,Mid,production planning|lean manufacturing principles|quality control systems|safety compliance management,supply chain coordination|predictive maintenance|erp systems management|kpi tracking and reporting|vendor management|continuous improvement methodologies|workforce scheduling,automation integration|iso certification auditing|production data analytics|cross-functional project management,team leadership|conflict resolution|adaptability|effective communication
senior_plant_manager,Senior Plant Manager,Manufacturing,Senior,production planning|lean manufacturing principles|quality control systems|safety compliance management|p&l management|strategic capacity planning,enterprise resource planning architecture|supply chain optimization|advanced predictive analytics|capital expenditure planning|multi-site operations coordination|regulatory compliance oversight|change management,industrial iot implementation|sustainability and esg strategy|advanced robotics integration|m&a integration experience,executive communication|strategic decision-making|organizational leadership|stakeholder management
junior_industrial_engineer,Junior Industrial Engineer,Manufacturing,Junior,lean manufacturing basics|process flow mapping|data collection|quality control fundamentals,microsoft excel|root cause analysis|quality control standards|manufacturing documentation|erp navigation|safety compliance|5s methodology,python programming|discrete event simulation basics|minitab fundamentals|solidworks,attention to detail|verbal communication|collaborative teamwork|problem solving|adaptability
industrial_engineer,Industrial Engineer,Manufacturing,Mid,lean manufacturing basics|process flow mapping|data collection|quality control fundamentals|six sigma methodology,advanced excel modeling|statistical process control|capacity planning|facility layout design|erp configuration|cross-functional coordination|change management|vendor evaluation,python automation|advanced simulation modeling|digital twin concepts|robotics process integration|additive manufacturing,stakeholder management|conflict resolution|mentoring capabilities|presentation delivery|negotiation
senior_industrial_engineer,Senior Industrial Engineer,Manufacturing,Senior,lean manufacturing basics|process flow mapping|data collection|quality control fundamentals|six sigma methodology|strategic operations planning,capital project budgeting|global supply chain strategy|advanced predictive analytics|multi-site operations oversight|continuous improvement governance|regulatory compliance strategy|stakeholder alignment,industry 4.0 architecture|ai-driven predictive maintenance|sustainable manufacturing design|international trade logistics|blockchain traceability systems,executive communication|strategic visioning|organizational influence|crisis decision making|cross-cultural leadership
junior_cnc_machinist,Junior CNC Machinist,Manufacturing,Junior,cnc machine operation|blueprint reading|precision measurement tools|workplace safety compliance,deburring and finishing|material identification|basic geometric dimensioning|manual machining basics|shop math calculations|cnc control panel navigation,cad viewing software|tool presetting|shop documentation|basic 3d printing awareness,attention to detail|time management|team collaboration|willingness to learn
cnc_machinist,CNC Machinist,Manufacturing,Mid,cnc machine operation|blueprint reading|precision measurement tools|workplace safety compliance|g and m code programming|multi-axis machine setup,cam software operation|spc and quality control|process troubleshooting|parameter optimization|lean manufacturing fundamentals|robotic cell monitoring|preventive maintenance execution,five-axis machining|advanced metrology software|automation system integration|hybrid manufacturing processes,problem solving|clear communication|mentoring junior staff|reliability under pressure
senior_cnc_machinist,Senior CNC Machinist,Manufacturing,Senior,cnc machine operation|blueprint reading|precision measurement tools|workplace safety compliance|g and m code programming|complex fixture and process design,cam programming and post-processing|advanced metrology and inspection|production scheduling and planning|cost reduction analysis|iso compliance auditing|cross-functional collaboration|continuous improvement methodologies,smart manufacturing integration|digital twin simulation|robotic workcell programming|supplier qualification management,leadership and delegation|strategic decision making|conflict resolution|continuous improvement mindset
junior_manufacturing_engineer,Junior Manufacturing Engineer,Manufacturing,Junior,cad modeling|gd&t|process documentation|quality control fundamentals,basic plc operations|root cause analysis|spc charting|time and motion study|manufacturing safety protocols|erp system navigation,six sigma yellow belt|basic python scripting|3d printing fundamentals|mold flow basics,attention to detail|active listening|collaborative problem solving
manufacturing_engineer,Manufacturing Engineer,Manufacturing,Mid,cad modeling|gd&t|process documentation|quality control fundamentals|process optimization,value stream mapping|statistical process control|plc programming|capa management|fixture design|supplier quality coordination,robotics programming|mes administration|finite element analysis|additive manufacturing process design,cross-functional communication|technical mentoring|conflict resolution|project coordination
senior_manufacturing_engineer,Senior Manufacturing Engineer,Manufacturing,Senior,cad modeling|gd&t|process documentation|quality control fundamentals|process optimization|manufacturing systems architecture,strategic capacity planning|advanced metrology|digital twin implementation|regulatory compliance auditing|cost modeling|advanced root cause analysis,ai machine learning integration|sustainable manufacturing design|global supply chain strategy|ip and patent strategy,executive communication|strategic decision making|change management|cross-functional team leadership
production_supervisor,Production Supervisor,Manufacturing,Mid,production scheduling|lean manufacturing principles|safety compliance protocols|quality assurance standards|equipment troubleshooting,inventory control|cross training coordination|kpi monitoring and reporting|manufacturing execution systems|preventive maintenance planning|root cause analysis|standard operating procedure documentation,six sigma green belt|programmable logic controller basics|bilingual communication|supply chain logistics,team coaching|conflict resolution|time management|verbal communication|operational adaptability
senior_production_supervisor,Senior Production Supervisor,Manufacturing,Senior,production scheduling|lean manufacturing principles|safety compliance protocols|quality assurance standards|equipment troubleshooting|strategic capacity planning,budget administration and cost control|advanced statistical process control|production line architecture design|facility workflow optimization|vendor and supplier management|regulatory audit leadership|talent development and succession planning,six sigma black belt|industrial engineering methodology|enterprise resource planning configuration|global manufacturing standards,executive stakeholder communication|cross functional negotiation|strategic change management|crisis leadership under pressure
junior_tool_and_die_maker,Junior Tool and Die Maker,Manufacturing,Junior,blueprint reading|precision measurement tools|manual machining fundamentals|shop safety protocols,basic grinding techniques|preventive maintenance routines|material property basics|cnc machine operation basics|quality inspection fundamentals|hand tool maintenance,introductory cad navigation|basic welding techniques|3d printing familiarity|metrology software usage,attention to detail|following instructions precisely|effective communication|adaptability to feedback
tool_and_die_maker,Tool and Die Maker,Manufacturing,Mid,blueprint reading|precision measurement tools|manual machining fundamentals|shop safety protocols|cnc programming and operation,progressive die maintenance|mold fabrication techniques|gd&t application|heat treatment processes|root cause analysis|production tooling modification,intermediate cam programming|statistical process control basics|automation integration|tool steel selection,cross-functional collaboration|independent troubleshooting|project coordination|continuous improvement mindset
senior_tool_and_die_maker,Senior Tool and Die Maker,Manufacturing,Senior,blueprint reading|precision measurement tools|manual machining fundamentals|shop safety protocols|cnc programming and operation|advanced die design and engineering,manufacturing process optimization|advanced metallurgy|complex assembly techniques|cost estimation and budgeting|vendor management|advanced metrology systems|lean manufacturing principles,additive manufacturing for tooling|robotics programming|industry 4.0 integration|patent drafting,team leadership and mentoring|strategic decision making|conflict resolution|stakeholder management
junior_automation_engineer,Junior Automation Engineer,Manufacturing,Junior,plc programming|ladder logic|electrical schematics|basic troubleshooting,hmi configuration|industrial sensors and actuators|pneumatic and hydraulic systems|structured text programming|panel design basics|technical documentation,python basics|data logging fundamentals|robotics operation basics|lean manufacturing principles,attention to detail|teamwork|eagerness to learn|time management|active listening
automation_engineer,Automation Engineer,Manufacturing,Mid,plc programming|ladder logic|electrical schematics|basic troubleshooting|scada system development,function block diagram programming|motion control systems|industrial networking protocols|root cause analysis|predictive maintenance strategies|system commissioning|automation version control,python automation scripting|machine vision integration|digital twin simulation|lean six sigma fundamentals|edge computing basics,cross-functional collaboration|analytical problem solving|project coordination|mentoring junior staff|client communication
senior_automation_engineer,Senior Automation Engineer,Manufacturing,Senior,plc programming|ladder logic|electrical schematics|basic troubleshooting|scada system development|enterprise automation architecture,advanced process control|operational technology cybersecurity|legacy system migration|vendor and contractor management|capital expenditure planning|regulatory compliance|engineering team leadership,machine learning for process optimization|cloud-based manufacturing analytics|advanced collaborative robotics|global standardization frameworks,strategic decision making|executive reporting|conflict mediation|organizational change management|executive coaching
senior_operations_director,Senior Operations Director,Manufacturing,Senior,strategic operations planning|profit and loss management|lean manufacturing and six sigma|supply chain and logistics optimization|quality assurance and regulatory compliance,enterprise resource planning systems|capital expenditure budgeting|workforce development and succession planning|strategic vendor management|production capacity modeling|operational kpi tracking|cross functional program management,smart manufacturing architecture|sustainability and circular economy initiatives|mergers and acquisitions integration|predictive maintenance systems,executive stakeholder communication|crisis management and decision making|organizational change leadership|strategic negotiation and conflict resolution
junior_procurement_specialist,Junior Procurement Specialist,Manufacturing,Junior,purchase order creation|basic supplier communication|inventory tracking fundamentals|procurement data entry,ms office proficiency|invoice reconciliation|basic cost analysis|vendor onboarding support|technical drawing interpretation|compliance documentation handling,sap mm basics|lean manufacturing awareness|basic contract review,attention to detail|adaptability|time management|proactive learning
procurement_specialist,Procurement Specialist,Manufacturing,Mid,purchase order creation|basic supplier communication|inventory tracking fundamentals|procurement data entry|supplier performance evaluation,contract lifecycle management|strategic sourcing execution|spend analysis reporting|erp system configuration|cross functional project coordination|total cost of ownership calculation|supply chain risk assessment,advanced data visualization|iso quality standards implementation|e procurement platform administration|international trade compliance,negotiation techniques|analytical problem solving|stakeholder relationship management|prioritization under pressure
senior_procurement_specialist,Senior Procurement Specialist,Manufacturing,Senior,purchase order creation|basic supplier communication|inventory tracking fundamentals|procurement data entry|supplier performance evaluation|strategic procurement architecture,category strategy development|advanced contract negotiation|capex procurement planning|supplier development initiatives|supply chain resilience modeling|procurement process optimization,procurement ai integration|global multi site sourcing|sustainable supply chain design|executive board reporting,executive leadership|change management|cross cultural negotiation|strategic foresight|conflict resolution
safety_manager,Safety Manager,Manufacturing,Mid,osha compliance management|hazard analysis and risk assessment|incident investigation|safety training facilitation,lockout tagout procedures|ergonomics program management|emergency response planning|industrial hygiene monitoring|contractor safety oversight|workers compensation administration,iso 45001 implementation|behavioral safety observation|lean manufacturing integration|root cause analysis certification,cross functional collaboration|conflict resolution|clear communication|adaptability
senior_safety_manager,Senior Safety Manager,Manufacturing,Senior,osha compliance management|hazard analysis and risk assessment|incident investigation|safety training facilitation|enterprise safety program architecture,strategic safety program development|executive stakeholder management|multi site safety oversight|capital budgeting for safety|advanced auditing and compliance tracking|crisis management leadership|continuous improvement methodologies,predictive safety analytics|global regulatory navigation|mergers and acquisitions safety integration|sustainability and esg reporting,executive presence|strategic decision making|mentorship and coaching|organizational change leadership
junior_management_consultant,Junior Management Consultant,Business Consulting And Services,Junior,data analysis|market research|excel proficiency|ppt creation,project support|client interaction|basic reporting|document management|knowledge sharing,sql querying|python basic|sap navigation|seo basics|social media monitoring,communication|adaptability|teamwork
management_consultant,Management Consultant,Business Consulting And Services,Mid,data analysis|market research|excel proficiency|ppt creation|financial modelling|stakeholder mgmt,project leadership|vendor negotiation|solution design|risk assessment|performance metrics,machine learning awareness|advanced powerbi|change certification|lean six sigma|agile scrum,communication|adaptability|teamwork|conflict management
senior_management_consultant,Senior Management Consultant,Business Consulting And Services,Senior,data analysis|market research|excel proficiency|ppt creation|financial modelling|stakeholder mgmt,enterprise strategy|digital transformation|m and a integration|talent acquisition|brand advocacy,ceo advisory|industry thought leadership|global expansion|crisis management|merger integration,communication|adaptability|teamwork|conflict management|executive presence
junior_strategy_consultant,Junior Strategy Consultant,Business Consulting And Services,Junior,data analysis|excel proficiency|powerpoint preparation|market research|financial modelling|problem solving,industry benchmarking|report writing|stakeholder communication|internal coordination|time management|data visualization,sql basics|python scripts|competitive intelligence tools|sustainability standards|regional regulation awareness,attention to detail|adaptability|eagerness to learn|teamwork|reliability
strategy_consultant,Strategy Consultant,Business Consulting And Services,Mid,data analysis|financial modelling|market research|client engagement|strategic planning|change management,project management|team coordination|solution design|risk assessment|budget planning|cross functional collaboration,digital transformation strategies|ai applications|lean six sigma|proposal writing|esg integration,negotiation|critical thinking|empathy|resilience|stakeholder influence
senior_strategy_consultant,Senior Strategy Consultant,Business Consulting And Services,Senior,data analysis|strategic planning|business transformation|organizational design|client management|thought leadership,mentorship|revenue generation|network development|governance oversight|innovation strategy|crisis management|partnership building,board advisory|global market expansion|c-suite coaching|niche regulatory compliance|public speaking,leadership|influence|decision making under pressure|visionary thinking|conflict resolution
junior_operations_consultant,Junior Operations Consultant,Business Consulting And Services,Junior,process mapping|data collection|status reporting|meeting coordination,microsoft excel|adherence to protocols|time management|note taking|attention to detail|information retrieval,powerpoint presentation|jira basics|crm access|basic sql,receptiveness to feedback|patience|adaptability|proactive attitude
operations_consultant,Operations Consultant,Business Consulting And Services,Mid,process mapping|data collection|status reporting|meeting coordination|project tracking,change management|kpi definition|workflow optimization|root cause analysis|vendor communication|budget monitoring|presentation skills,six sigma principles|advanced excel macros|tableau|agile methodology,critical thinking|negotiation|collaboration|conflict resolution
senior_operations_consultant,Senior Operations Consultant,Business Consulting And Services,Senior,process mapping|data collection|status reporting|meeting coordination|project tracking|strategic planning,organizational design|transformation leadership|executive storytelling|merger integration|technology roadmap|risk governance|market analysis,python scripting|sap implementation|industry certification|public speaking,mentorship|influence|decisiveness|resilience
junior_technology_consultant,Junior Technology Consultant,Business Consulting And Services,Junior,data analysis|technical literacy|documentation standards|software proficiency|research capabilities|issue tracking,ms office suite|power bi basics|confluence|jira basics|email etiquette|team collaboration tools|slack|zendesk familiarity,python basics|sap erp modules|basic cybersecurity awareness|api understanding|ux wireframing,active listening|adaptability|willingness to learn|time management|professional courtesy
technology_consultant,Technology Consultant,Business Consulting And Services,Mid,data analysis|technical literacy|documentation standards|solution implementation|project coordination|client interaction,cloud migration strategies|agile scrum|stakeholder management|system configuration|data visualization|change management|reporting dashboards|crm administration,generative ai integration|rpa workflows|network security basics|mobile app support|containerization concepts,conflict resolution|mentoring|negotiation|critical thinking|peer leadership
senior_technology_consultant,Senior Technology Consultant,Business Consulting And Services,Senior,data analysis|technical literacy|documentation standards|strategic planning|technology architecture|program governance,enterprise resource planning|budget oversight|vendor management|regulatory compliance|innovation strategy|talent development|market analysis|executive advocacy,quantum readiness|ai ethics frameworks|ip strategy|global supply chain tech|sustainability metrics,executive presence|organizational influence|crisis leadership|emotional intelligence|visionary thinking
junior_financial_consultant,Junior Financial Consultant,Business Consulting And Services,Junior,financial statement analysis|excel proficiency|regulatory compliance basics|report generation,attention to detail|time management|microsoft office suite|internal communication|record keeping|accuracy verification|research|invoicing assistance,quickbooks certification|sap access|power bi beginner|tax preparation support|crm usage,active listening|adaptability|integrity|reliability|teamwork
financial_consultant,Financial Consultant,Business Consulting And Services,Mid,financial statement analysis|excel proficiency|regulatory compliance basics|report generation|budgeting and forecasting|client communication,advanced financial modeling|project management|client relationship management|compliance auditing|microsoft power point|vendor negotiations|document control|process improvement,certified public accountant prep|sas analytics|tableau|industry specific regulations|financial dashboard design,active listening|adaptability|negotiation|conflict resolution|mentorship
senior_financial_consultant,Senior Financial Consultant,Business Consulting And Services,Senior,financial statement analysis|excel proficiency|regulatory compliance basics|report generation|budgeting and forecasting|strategic financial planning,organizational strategy|stakeholder management|leadership development|cross-departmental collaboration|market analysis|m&a support|digital transformation|capital allocation,global financial standards|blockchain integration|proprietary trading systems|ai in finance|board advisory experience,active listening|adaptability|ethical leadership|crisis management|executive presence
junior_human_capital_consultant,Junior Human Capital Consultant,Business Consulting And Services,Junior,hr compliance|data management|research support|document management,excel basics|office suite|task prioritization|learning agility|clear written communication|time tracking,survey tools|crm access|market scraping|presentation templates,reliability|curiosity|team collaboration|professionalism|empathy
human_capital_consultant,Human Capital Consultant,Business Consulting And Services,Mid,hr compliance|data management|research support|document management|stakeholder engagement,advanced spreadsheet|workshop facilitation|conflict management|hr is systems|performance metrics|vendor coordination|problem solving|presentations,ai hr tools|compensation modeling|talent acquisition partner|erp navigation,adaptability|active listening|mentorship readiness|negotiation basic
senior_human_capital_consultant,Senior Human Capital Consultant,Business Consulting And Services,Senior,hr compliance|data management|research support|document management|stakeholder engagement|strategic consulting,financial acumen|crisis management|thought leadership|complex negotiation|talent pipeline strategy|business case building|organizational assessment|global hr policies,m a due diligence|ceo advisory|proprietary methodologies|industry publications|predictive workforce analytics,executive presence|visionary thinking|ethical decisiveness|resilience
junior_supply_chain_consultant,Junior Supply Chain Consultant,Business Consulting And Services,Junior,erp proficiency|data analysis|process mapping|inventory tracking|basic reporting|stakeholder communication,logistics fundamentals|kpi monitoring|meeting facilitation|research methods|schedule management|compliance check|email correspondence,python basics|tableau intro|cscp prep|sustainability metrics|supply network tools,curiosity|attention to detail|adaptability|teamwork|reliability
supply_chain_consultant,Supply Chain Consultant,Business Consulting And Services,Mid,erp proficiency|data analysis|process optimization|inventory control|operational reporting|stakeholder management,sql queries|advanced excel|risk assessment|cross functional work|implementation plans|training delivery|client updates,lean six sigma|azure cloud|carbon accounting|contract support|ml basics,problem solving|conflict resolution|mentorship|accountability|critical thinking
senior_supply_chain_consultant,Senior Supply Chain Consultant,Business Consulting And Services,Senior,erp proficiency|data analysis|supply chain strategy|global logistics|financial reporting|executive engagement,business cases|tech evaluation|regulatory strategy|budget forecasting|talent development|vendor leadership|market trends,ai modeling|m&a integration|trade war advisory|esg lead|blockchain traceability,strategic vision|leadership|negotiation|emotional intelligence|public speaking
junior_business_analyst,Junior Business Analyst,Business Consulting And Services,Junior,requirements gathering|basic data handling|process mapping|standard documentation|internal communication|software tool usage,microsoft excel functions|issue tracking systems|knowledge base editing|user acceptance support|meeting minutes taking|document formatting|time tracking|feedback incorporation,agile scrum basics|power point slide creation|domain terminology|basic python scripting|qa testing awareness,active listening|willingness to learn|teamwork|punctuality|clear verbal communication
business_analyst,Business Analyst,Business Consulting And Services,Mid,requirements elicitation|intermediate data analysis|workflow optimization|stakeholder communication|solution validation|project timeline tracking,advanced excel modeling|dashboard creation|api literacy|risk identification|change impact analysis|workshop facilitation|sprint planning assistance|client relationship maintenance,certified scrum master|cloud database knowledge|competitive analysis|cost benefit reporting|mobile app ux understanding,negotiation|problem solving initiative|conflict resolution|mentoring associates|time management independence
senior_business_analyst,Senior Business Analyst,Business Consulting And Services,Senior,strategic business analysis|enterprise architecture review|high level stakeholder management|complex system integration planning|executive reporting|team leadership,predictive analytics modeling|digital transformation roadmaps|cross functional team coordination|budget forecasting|contract review|vendor evaluation|regulatory compliance oversight|performance metric definition,pmp certification|ai implementation strategy|innovation framework design|industry conference speaking|legal contract interpretation,executive presence|vision casting|persuasion|empathy in change management|decisive leadership
junior_implementation_consultant,Junior Implementation Consultant,Business Consulting And Services,Junior,data validation|technical documentation|software navigation|ticket logging|user guidance|email communication,microsoft excel|basic sql|jira usage|bug tracking|sprint participation|customer service orientation|knowledge base creation,python basics|api testing|salesforce admin certification|itil foundations,active listening|adaptability|attention to detail|patience|teamwork
implementation_consultant,Implementation Consultant,Business Consulting And Services,Mid,project planning|system configuration|stakeholder engagement|data mapping|user acceptance testing|process optimization,advanced excel|database management|workshop facilitation|integration testing|risk assessment|custom reporting|client communication,agile certification|automation scripts|cloud infrastructure|sap module knowledge|azure devops,negotiation|critical thinking|conflict resolution|time management|empathy
senior_implementation_consultant,Senior Implementation Consultant,Business Consulting And Services,Senior,solution architecture|strategic delivery|executive relationship management|complex problem solving|mentorship|contract negotiation,budget management|vendor oversight|compliance auditing|organizational change strategy|technical roadmapping|resource allocation|innovation strategy,ai integration|cybersecurity strategy|thought leadership|predictive analytics|global deployment strategies,executive presence|visionary thinking|coaching ability|cultural intelligence|decisive leadership
junior_project_manager,Junior Project Manager,Business Consulting And Services,Junior,project scheduling|risk identification|documentation management|stakeholder communication|progress reporting|agile framework understanding,microsoft excel proficiency|confluence usage|jira ticket management|calendar management|task assignment tracking|meeting minute creation|scope verification,power automate basics|sharepoint administration|customer relationship management entry|process template creation|basic seo knowledge,attention to detail|active listening|time management|adaptability|teamwork
project_manager,Project Manager,Business Consulting And Services,Mid,project lifecycle management|risk mitigation strategies|change control processes|resource allocation|vendor management|quality assurance execution,financial budgeting|client presentations|sprint planning facilitation|conflict resolution|compliance tracking|progress dashboard creation|issue escalation handling,scrum master certification|six sigma yellow belt|data visualization tools|salesforce administration|automation scripting,negotiation|problem-solving|mentorship|emotional intelligence|delegation
senior_project_manager,Senior Project Manager,Business Consulting And Services,Senior,strategic planning alignment|portfolio management|executive stakeholder engagement|organizational change management|financial oversight|governance framework design,business case development|contract negotiation|crisis management|talent development|methodology standardization|industry regulatory compliance|cross-functional leadership,digital transformation strategy|custom erp implementation|thought leadership publications|public speaking coaching|advanced risk modeling,executive presence|visionary leadership|influence without authority|resilience|cultural intelligence
engagement_manager,Engagement Manager,Business Consulting And Services,Mid,client relationship management|engagement planning|risk assessment|financial forecasting|stakeholder communication,requirements analysis|change management protocols|resource scheduling|agile frameworks|status reporting,crm software proficiency|sprint planning tools|lean six sigma basics,active listening|adaptability|conflict resolution
senior_engagement_manager,Senior Engagement Manager,Business Consulting And Services,Senior,client relationship management|engagement planning|risk assessment|financial forecasting|stakeholder communication|enterprise partnership strategy,business case development|digital transformation strategy|vendor management|team mentoring|cross-functional collaboration|data-driven decision making|contract negotiation,thought leadership|merger and acquisition experience|specialized regulatory knowledge,visionary leadership|emotional intelligence|crisis management
junior_change_management_consultant,Junior Change Management Consultant,Business Consulting And Services,Junior,change management frameworks|stakeholder mapping|impact assessment|communication planning|meeting support,productivity software tools|wiki documentation systems|virtual meeting platforms|task tracking boards|document version control|survey distribution|file organization protocols,excel macro creation|content editing|screen recording|team chat management,active listening|attention to detail|reliability|curiosity|humility
change_management_consultant,Change Management Consultant,Business Consulting And Services,Mid,change management frameworks|stakeholder mapping|impact assessment|communication planning|coaching and mentoring|resistance management,workshop facilitation|training curriculum design|kpi dashboard creation|cross-functional collaboration|risk mitigation planning|status reporting|process improvement,lean six sigma certification|crm system proficiency|analytics reporting software|iterative delivery methods|financial viability assessment,problem solving|negotiation|emotional intelligence|resilience|critical thinking
senior_change_management_consultant,Senior Change Management Consultant,Business Consulting And Services,Senior,change management frameworks|stakeholder mapping|impact assessment|communication planning|strategy development|organizational design,program governance|executive sponsorship|cultural diagnostics|financial resource planning|third party oversight|leadership capability building|transformation readiness evaluation,ma integration expertise|global expansion strategy|predictive analytics application|ai governance standards|industry publication authorship,strategic leadership|stakeholder buy-in|high-stakes decision making|long-term conceptualization|ownership of outcomes
junior_risk_and_compliance_consultant,Junior Risk and Compliance Consultant,Business Consulting And Services,Junior,regulatory research|compliance documentation|risk tracking|audit preparation,ms excel|meeting coordination|deadline management|attention to detail|client communication|policy administration|industry regulations overview,sql basics|process mapping|legal terminology|iso standards|ai tools,active listening|time management|adaptability|professional integrity
risk_and_compliance_consultant,Risk and Compliance Consultant,Business Consulting And Services,Mid,regulatory research|compliance documentation|risk tracking|audit preparation|risk assessment frameworks,regulatory reporting|controls testing|stakeholder management|project management|crisis response|technical writing|negotiation|compliance software,agile methodology|cloud compliance|cybersecurity fundamentals|regtech|financial crime prevention,conflict resolution|mentorship|collaboration|emotional intelligence
senior_risk_and_compliance_consultant,Senior Risk and Compliance Consultant,Business Consulting And Services,Senior,regulatory research|compliance documentation|risk tracking|audit preparation|risk assessment frameworks|enterprise governance design,enterprise strategy|executive advisory|risk modeling|regulatory engagement|third party due diligence|board reporting|culture development|m&a integration,predictive analytics|global strategy|sustainability|automation|legal counsel liaison,executive presence|change leadership|negotiation power|decision making
junior_digital_transformation_consultant,Junior Digital Transformation Consultant,Business Consulting And Services,Junior,business process mapping|microsoft office suite|basic data analysis|requirement gathering,presentation delivery|documentation standards|agile principles|research methods|stakeholder support|communication clarity,jira usage|basic sql|python scripting|crm familiarity|time tracking tools,teamwork|adaptability|attention to detail|willingness to learn|active listening
digital_transformation_consultant,Digital Transformation Consultant,Business Consulting And Services,Mid,business process mapping|microsoft office suite|basic data analysis|requirement gathering|project management software|cloud platforms overview,stakeholder communication|workflow automation|uat facilitation|vendor coordination|change management basics|process optimization|data visualization,advanced excel|ai tools usage|sap module knowledge|mobile integration|cyber awareness,leadership potential|conflict resolution|client relations|problem solving|time management
senior_digital_transformation_consultant,Senior Digital Transformation Consultant,Business Consulting And Services,Senior,business process mapping|microsoft office suite|basic data analysis|requirement gathering|enterprise architecture design|strategic planning,digital strategy execution|organizational change leadership|risk assessment|investment modeling|ecosystem orchestration|executive influence|regulatory compliance,mlops exposure|blockchain integration|legacy modernization strategies|public speaking|innovation labs,visionary thinking|mentorship|crisis management|cultural transformation|strategic negotiation
senior_principal_consultant,Senior Principal Consultant,Business Consulting And Services,Senior,strategic planning|enterprise architecture|stakeholder management|engagement delivery|client relationship management|organizational diagnosis,financial modeling|data analytics|process reengineering|risk management|competitive analysis|technology roadmap|budget oversight,ai adoption strategies|esg framework implementation|industry specific certification|thought leadership content|legacy system modernization,executive presence|conflict resolution|adaptability|empathetic listening|decisive judgment
junior_sales_associate,Junior Sales Associate,Retail,Junior,customer service|pos operation|cash handling|product knowledge|return processing|store safety,loyalty sign up|receipt scanning|floor maintenance|phone etiquette|schedule attendance|basic hygiene|uniform compliance,language translation|social media posting|gift wrapping|appointment setup|email inquiries,patience|friendliness|reliability|teamwork|punctuality
sales_associate,Sales Associate,Retail,Mid,customer service|pos operation|cash handling|product knowledge|inventory management|complaint resolution,upselling|loss prevention|visual merchandising|crm updates|cross-selling|stock replenishment|shift handover,mobile payments setup|data logging|vendor liaison|warranty advice|personal styling,conflict mediation|independence|problem solving|adaptability|peer guidance
senior_sales_associate,Senior Sales Associate,Retail,Senior,customer service|pos operation|cash handling|product knowledge|team leadership|performance management,sales forecasting|labor budgeting|inventory audits|training sessions|client relations|workflow design|risk assessment,market research|procurement input|executive summary|succession planning|contract review,decision making|emotional intelligence|strategic vision|coaching|resilience
junior_store_manager,Junior Store Manager,Retail,Junior,pos system usage|inventory reconciliation|cash handling|customer service delivery|shift coordination|visual merchandising,compliance adherence|time management|product knowledge|sales goal tracking|conflict resolution basics|stock rotation,social media engagement|basic spreadsheet skills|loyalty program knowledge|vendor interaction,patience|reliability|active listening|attention to detail
store_manager,Store Manager,Retail,Mid,pos system usage|inventory reconciliation|cash handling|customer service delivery|staff scheduling|sales performance analysis,budget monitoring|performance review|recruitment support|loss prevention enforcement|operational efficiency|client retention,training facilitation|process improvement|crm utilization|market research,decision making|accountability|coaching|delegation
senior_store_manager,Senior Store Manager,Retail,Senior,pos system usage|inventory reconciliation|cash handling|customer service delivery|budget oversight|strategic planning,organizational development|stakeholder management|risk assessment|p&l ownership|policy formulation|technology integration,predictive analytics|sustainability initiatives|digital ecosystem strategy|executive reporting|change management frameworks,visionary leadership|cultural stewardship|diplomatic influence|negotiation
junior_visual_merchandiser,Junior Visual Merchandiser,Retail,Junior,display setup|visual standard adherence|inventory rotation|merchandising standards,mannequin styling|window creation|lighting adjustment|time management|team communication|store maintenance,social media posts|photoshop basics|packaging repair|price labeling,attention to detail|reliability|cooperation|adaptability
visual_merchandiser,Visual Merchandiser,Retail,Mid,display setup|visual standard adherence|inventory rotation|merchandising standards|floor mapping,visual planning|color theory|data analysis|client meetings|project scheduling|staff training,3d rendering|ecommerce sync|contract review|event management,problem solving|leadership|communication|conflict resolution
senior_visual_merchandiser,Senior Visual Merchandiser,Retail,Senior,display setup|visual standard adherence|inventory rotation|merchandising standards|floor mapping|strategic planning,market research|trend forecasting|multi-site coordination|performance auditing|resource allocation|crisis management,ai integration|sustainability sourcing|investor reporting|patent protection,strategic vision|negotiation|mentorship|resilience
junior_loss_prevention_specialist,Junior Loss Prevention Specialist,Retail,Junior,surveillance monitoring|incident documentation|point of sale operations|inventory accuracy checks|safety protocol adherence,camera system usage|shoplifter identification|customer service interaction|evidence collection|cash handling procedures,asset tagging technology|shift management software|basic data entry,attention to detail|ethical integrity|professional communication|teamwork orientation|punctuality reliability
loss_prevention_specialist,Loss Prevention Specialist,Retail,Mid,surveillance monitoring|incident documentation|internal fraud detection|shrinkage reduction planning|team training delivery,risk assessment analysis|loss prevention technologies|investigation case management|vendor coordination|employee policy enforcement,forensics basics|pattern recognition analytics|regional audit participation,problem solving|conflict resolution|decision making under pressure|mentorship readiness|active listening
senior_loss_prevention_specialist,Senior Loss Prevention Specialist,Retail,Senior,surveillance monitoring|incident documentation|internal fraud detection|shrinkage reduction planning|operational budget oversight,policy architecture|executive stakeholder management|predictive loss modeling|legal liaison work|resource allocation optimization|business continuity planning|compliance auditing strategies|industry trend analysis,ai integration oversight|proprietary research development|certification acquisition programs,executive presence|strategic vision|negotiation skills|emotional intelligence|organizational change leadership
junior_buyer,Junior Buyer,Retail,Junior,spreadsheet manipulation|purchase order processing|stock level monitoring|vendor correspondence,order follow up|price validation|receiving inspection|crm usage|calendar scheduling|email professionalism,visual merchandising|seasonal prep|export docs|basic analytics,attention to detail|time management|learning agility|clear communication
buyer,Buyer,Retail,Mid,spreadsheet manipulation|purchase order processing|stock level monitoring|vendor correspondence|demand planning,trend research|margin management|vendor meetings|contract review|performance reporting|process improvement|cross team work,data visualization|sourcing ethics|planning software|international trade,problem solving|collaboration|adaptability|decision making
senior_buyer,Senior Buyer,Retail,Senior,spreadsheet manipulation|purchase order processing|stock level monitoring|vendor correspondence|demand planning|strategic sourcing,supply chain architecture|risk assessment|mentor programming|executive presentations|digital transformation|merchandise budgeting|partner onsite visits,ai integration|sap advanced|cfa basics|innovation lab,strategic vision|leadership|influence|conflict resolution
junior_e_commerce_manager,Junior E-commerce Manager,Retail,Junior,platform management|order fulfillment|data entry|customer service,email marketing|social media posting|wordpress updates|google my business|basic copywriting,basic photo editing|video recording|influencer contact,attention to detail|time management|willingness to learn
e_commerce_manager,E-commerce Manager,Retail,Mid,platform management|order fulfillment|data entry|customer service|search engine optimization|inventory forecasting,kpi dashboards|crm integration|loyalty programs|paid ads management|vendor negotiations|workflow automation|market research,multi-currency setups|advanced sql querying|blockchain awareness,problem solving|adaptability|conflict resolution|cross-team collaboration
senior_e_commerce_manager,Senior E-commerce Manager,Retail,Senior,platform management|order fulfillment|data entry|customer service|financial oversight|cross-functional leadership,merger due diligence|enterprise architecture|talent pipeline development|investor relations|policy formulation|global logistics strategy|ai adoption,nft integration|metaverse commerce|legacy system migration,strategic thinking|executive communication|change management|mentorship|crisis leadership
junior_customer_service_representative,Junior Customer Service Representative,Retail,Junior,customer communication|order processing|returns handling|crm application usage,email correspondence|phone etiquette|basic inventory lookup|ticket logging|payment processing|policy recitation|data entry,social media response|product assembly help|store floor shopping assist|language translation basic|app installation support,patience|active listening|adaptable to schedule|professional presentation|reliability
customer_service_representative,Customer Service Representative,Retail,Mid,customer communication|order processing|returns handling|crm application usage|escalation management|policy advocacy,advanced troubleshooting|customer retention techniques|multichannel integration|kpi reading|vendor communication|audit preparation|refund authorization|workforce scheduling,workflow optimization|peer mentoring|incident report writing|survey analysis|promo campaign execution,emotional regulation|negotiation|team collaboration|critical reasoning|accountability
senior_customer_service_representative,Senior Customer Service Representative,Retail,Senior,customer communication|order processing|returns handling|crm application usage|escalation management|strategic governance,strategic planning|stakeholder relationships|systems configuration|budget impact analysis|quality assurance programs|talent acquisition|change management|industry benchmarking,automation integration|ai model training data|external audit lead|marketing alignment|legal consultation interface,strategic thinking|mentorship|influencing executives|vision setting|delegation
junior_inventory_control_specialist,Junior Inventory Control Specialist,Retail,Junior,stock counting|cycle counting|data entry|warehouse safety compliance|barcode scanning,merchandise labeling|storage organization|discrepancy reporting|basic excel functions|communicating with shipping staff|receiving goods verification,loss prevention awareness|basic merchandising knowledge|shift scheduling assistance,attention to detail|reliability|ability to follow instructions|teamwork|openness to feedback
inventory_control_specialist,Inventory Control Specialist,Retail,Mid,stock counting|cycle counting|data entry|warehouse safety compliance|inventory reconciliation,kpi performance monitoring|supplier communication|demand planning basics|staff training support|inventory software optimization|cross-functional collaboration|waste reduction tracking,lean inventory methodologies|rfid implementation support|sku rationalization|demand sensing tools|seasonal forecast adjustment,analytical problem-solving|accountability|efficient time management|interpersonal conflict resolution|proactive initiative
senior_inventory_control_specialist,Senior Inventory Control Specialist,Retail,Senior,stock counting|cycle counting|data entry|warehouse safety compliance|inventory reconciliation|variance analysis,financial forecasting accuracy|regulatory compliance auditing|strategic stakeholder management|operational workflow redesign|cost containment planning|executive level reporting|long-term resource allocation,artificial intelligence integration|global supply chain logistics|sustainable inventory practices|proprietary erp module design|predictive modeling deployment,strategic visioning|executive mentorship|high-pressure decision-making|advanced negotiation tactics|emotional intelligence in crisis
junior_district_manager,Junior District Manager,Retail,Junior,operational readiness|basic reporting|inventory sync|regulatory adherence,pos terminal ops|visual standards check|customer interaction logs|loss prevention basic|vendor contact entry|schedule management|return policy enforcement|basic cash handling,social media local posting|community outreach participation|basic data export|loyalty program setup|employee recognition programs,patience|clear communication|punctuality|empathy|reliability
district_manager,District Manager,Retail,Mid,operational readiness|basic reporting|inventory sync|regulatory adherence|team coordination,dashboard analytics|payroll review|interview conduct|marketing campaign support|supplier negotiation|performance reviews|crisis response initial|omni channel fulfillment,predictive stocking|ai chatbot support|sustainability tracking|franchising guidelines|mobile inventory app admin,active listening|decision under pressure|conflict mediation|mentoring ability|flexibility
senior_district_manager,Senior District Manager,Retail,Senior,operational readiness|basic reporting|inventory sync|regulatory adherence|team coordination|strategic execution,market trend analysis|executive presentations|succession planning|brand consistency audit|digital ecosystem overview|financial modeling deep dive|cross department integration|regulatory change management,mergers acquisitions support|enterprise system oversight|geopolitical risk assessment|global supply chain logic|intellectual property protection,executive presence|organizational culture building|negotiation leadership|vision insight|resilience under chaos
regional_retail_director,Regional Retail Director,Retail,Mid,store operations management|sales target achievement|inventory control|customer service standards|regional performance tracking|staff scheduling management,visual merchandising compliance|loss prevention protocols|hr policy application|budget tracking|kpi monitoring|vendor relationships|customer feedback analysis,digital point of sale systems|mobile workforce tools|social media engagement|loyalty program management|fleet management,team motivation|conflict resolution|effective communication|prioritization skills|resilience
senior_regional_retail_director,Senior Regional Retail Director,Retail,Senior,store operations management|sales target achievement|inventory control|customer service standards|regional performance tracking|corporate strategy alignment,organizational design|stakeholder management|talent acquisition strategy|financial modelling|risk mitigation|brand stewardship|competitive analysis,merger and acquisition oversight|international market regulation|business intelligence automation|investor relations|succession planning,leadership presence|negotiation expertise|adaptive problem solving|emotional intelligence|strategic communication
junior_supply_chain_coordinator,Junior Supply Chain Coordinator,Retail,Junior,data entry|erp fundamentals|order processing|stock tracking,basic excel|attention to detail|email communication|microsoft outlook|scheduling|accuracy verification|retail terminology,inventory management software|csv formatting|data visualization|cross-training readiness,reliability|eagerness to learn|clear communication|teamwork
supply_chain_coordinator,Supply Chain Coordinator,Retail,Mid,data entry|erp fundamentals|order processing|stock tracking|inventory reconciliation|supplier coordination,advanced excel|kpi reporting|logistics coordination|root cause analysis|stakeholder management|shipment tracking|budget adherence,python scripting|sustainable sourcing|warehouse management systems|predictive modeling|contract negotiation,adaptability|leadership potential|conflict resolution|proactive mindset
senior_supply_chain_coordinator,Senior Supply Chain Coordinator,Retail,Senior,data entry|erp fundamentals|order processing|stock tracking|inventory reconciliation|supplier coordination,advanced analytics|digital transformation|cross-functional alignment|change management|strategic sourcing|compliance auditing|performance benchmarking,ai integration|global trade regulations|blockchain supply chain|lean six sigma black belt|financial modeling,strategic vision|influence|mentorship|executive communication|emotional intelligence
junior_retail_marketing_manager,Junior Retail Marketing Manager,Retail,Junior,social media management|email campaign setup|basic data analysis|retail promotions|customer inquiry handling|inventory status check,brand guideline adherence|competitor price monitoring|photo editing|calendar scheduling|stock level verification|social engagement response|local event sign up,canva pro|hootsuite|affiliate link tracking|basic crm entry,attentiveness to detail|adaptability|teamwork|written communication|task prioritization
retail_marketing_manager,Retail Marketing Manager,Retail,Mid,social media management|marketing campaign execution|intermediate data analysis|retail promotions|team task assignment|budget tracking,customer segmentation|multi channel orchestration|vendor contracts|roi measurement|seo keyword strategies|promotional calendaring|staff training,marketing mix modeling|influencer database|personalization algorithms|mobile app integration,conflict resolution|mentorship|critical thinking|negotiation|delegation
senior_retail_marketing_manager,Senior Retail Marketing Manager,Retail,Senior,social media strategic direction|omnichannel ecosystem management|advanced business intelligence|retail growth promotions|org structure design|capital expenditure approval,talent acquisition strategy|brand equity building|supply chain alignment|executive presentations|regulatory compliance|risk management plans|legacy system migration,ai machine learning integration|sustainability metrics report|global market entry|blockchain for rewards,visionary leadership|stakeholder influence|resilience under pressure|cultural architect|diplomatic decision making
junior_store_operations_supervisor,Junior Store Operations Supervisor,Retail,Junior,daily store operations|inventory accuracy checks|point of sale troubleshooting|loss prevention procedures,shift handovers|customer feedback collection|vendor delivery processing|basic compliance logging|visual merchandising setup,first aid certification|local community outreach|basic digital signage,reliability|patience|clear communication
store_operations_supervisor,Store Operations Supervisor,Retail,Mid,daily store operations|inventory accuracy checks|point of sale troubleshooting|loss prevention procedures|schedule roster optimization,staff performance reviews|omnichannel integration|regional marketing alignment|advanced inventory forecasting|incident investigation|cost control measures|team training development,project management software|data visualization tools|internal mentorship|advanced customer relationship management,conflict resolution|team motivation|clear verbal communication|decision making
senior_store_operations_supervisor,Senior Store Operations Supervisor,Retail,Senior,daily store operations|inventory accuracy checks|point of sale troubleshooting|loss prevention procedures|schedule roster optimization|budget allocation strategies,strategic planning|merchandising lifecycle management|p&l analysis|labor relations|succession planning|technology stack evaluation|risk management protocols|cross-department collaboration,executive presentation|change management|supply chain optimization|sustainability compliance|strategic partnerships,strategic vision|organizational influence|coaching and mentoring|emotional intelligence|crisis leadership
junior_department_manager,Junior Department Manager,Retail,Junior,pos system navigation|cash handling procedures|daily sales reporting|shift management|loss prevention basics|product display standards,inventory receipt verification|return authorization|team task assignment|customer feedback logging|health code compliance|sales target participation|supplier contact management|digital signage checks,multilingual translation|loyalty program activation|social media tagging|basic data entry|promotional code configuration,reliability|punctuality|friendliness|adaptability|attention to detail
department_manager,Department Manager,Retail,Mid,pos system navigation|cash handling procedures|daily sales reporting|shift management|staff performance review|inventory turnover analysis,labor cost forecasting|shrinkage mitigation|employee training plans|conflict escalation resolution|visual merchandising strategy|vendor order processing|compliance auditing|hris data input,predictive sales modeling|cross-channel integration|sustainability audits|advanced hr workflows|kpi dashboard creation,decisive judgment|mentorship capability|accountability|emotional intelligence|conflict mediation
senior_department_manager,Senior Department Manager,Retail,Senior,pos system navigation|cash handling procedures|daily sales reporting|shift management|staff performance review|department p&l oversight,strategic workforce planning|executive stakeholder reporting|budget approval authority|recruitment strategy|brand alignment governance|risk mitigation frameworks|long-term capacity planning|vendor contract negotiation,organizational transformation leadership|global supply chain liaison|executive crisis management|proprietary tech architecture|public relations strategy,visionary leadership|high-stakes negotiation|resilience|cultural stewardship|inspirational influence
junior_buying_planner,Junior Buying Planner,Retail,Junior,purchase order management|inventory monitoring|excel proficiency|data accuracy|effective communication,ms office suite|attention to detail|time management|basic reporting|teamwork|willingness to learn,sql queries|power bi basics|erp familiarity|retail kpi knowledge,communication|adaptability|organization|receptiveness to feedback
buying_planner,Buying Planner,Retail,Mid,purchase order management|inventory monitoring|excel proficiency|demand forecasting|erp systems|effective communication,sales data interpretation|vendor coordination|budget adherence|problem solving|deadline management|process documentation|critical thinking,python scripting|predictive analytics|category performance review|margin analysis,collaboration|conflict resolution|reliability|negotiation basics
senior_buying_planner,Senior Buying Planner,Retail,Senior,purchase order management|inventory monitoring|excel proficiency|demand forecasting|strategic planning|effective communication,cross departmental strategy|risk mitigation|system implementation|kpi development|complex negotiation|mentoring|budget oversight,ai in planning|international trade laws|sustainability metrics|change management,decision making|influence|emotional intelligence|visionary leadership
junior_omnichannel_fulfillment_lead,Junior Omnichannel Fulfillment Lead,Retail,Junior,oms order processing|wms navigation|shipping label generation|stock accuracy checks,email customer communication|excel basic functions|barcode scanning|return policy adherence|shift scheduling|standard operating procedures,erp familiarity|customer support tickets|warehouse safety training|mobile device usage,attention to detail|teamwork|reliability|adaptability
omnichannel_fulfillment_lead,Omnichannel Fulfillment Lead,Retail,Mid,oms order processing|wms navigation|shipping label generation|stock accuracy checks|cross-channel order routing,inventory forecasting|order status escalation|vendor communication|performance reporting|process improvement suggestions|crm updates|troubleshooting basic errors,project management tools|sql queries|automation scripts,problem solving|time management|stakeholder communication|conflict resolution
senior_omnichannel_fulfillment_lead,Senior Omnichannel Fulfillment Lead,Retail,Senior,oms order processing|wms navigation|shipping label generation|stock accuracy checks|cross-channel order routing|fulfillment network design,budget management|system architecture review|kpi dashboard creation|regulatory compliance audit|change management|supply chain risk assessment|strategic sourcing negotiations|technology roadmap planning,ai ml integration|sustainability metrics|blockchain implementation,leadership|strategic vision|mentorship|negotiation skills
vice_president_of_retail_operations,Vice President of Retail Operations,Retail,Mid,operational management|inventory control|financial planning|performance metrics|employee development|safety compliance,pos system administration|loss prevention protocols|vendor relationship management|customer satisfaction tracking|workforce scheduling|retail merchandising|data entry accuracy,crm customization|loyalty program design|local marketing support|seasonal demand prediction|vendor contract negotiation,team motivation|conflict resolution|clear communication|time management
senior_vice_president_of_retail_operations,Senior Vice President of Retail Operations,Retail,Senior,operational management|inventory control|financial planning|performance metrics|employee development|strategic oversight,stakeholder management|cross functional collaboration|digital transformation|market trend analysis|talent pipeline creation|budget forecasting|process optimization,esg initiative leadership|m&a integration|capital expenditure planning|public representation|board advisory,executive presence|crisis management|visionary thinking|high impact negotiation
senior_chief_merchandising_officer,Senior Chief Merchandising Officer,Retail,Senior,executive strategic planning|profit and loss management|organizational leadership|omnichannel merchandising strategy|inventory portfolio optimization|vendor relationship management,financial forecasting and modeling|data analytics interpretation|merchandise lifecycle management|cross-functional stakeholder alignment|competitive market analysis|retail technology adoption|customer journey mapping|operational risk mitigation,artificial intelligence implementation|sustainable supply chain initiatives|international market penetration|private label brand creation|influencer marketing integration,strategic communication|high-level negotiation|transformative leadership|crisis decision-making|cultural sensitivity
junior_client_experience_manager,Junior Client Experience Manager,Retail,Junior,customer communication|complaint resolution|crm basic usage|data entry accuracy|product knowledge|policy adherence,pos system operation|survey distribution|inventory logging|social media engagement|internal ticketing|time scheduling|team coordination|email correspondence,basic spreadsheet formulas|multi tenant crm|visual storytelling|basic presentation skills|language translation support,patience|active listening|adaptability|attention to detail|empathy
client_experience_manager,Client Experience Manager,Retail,Mid,crm configuration|workflow optimization|performance reporting|vendor relationship mgmt|team collaboration|customer retention strategies,ab testing design|loyalty program ops|kpi dashboard monitoring|cross department collaboration|risk identification|budget monitoring|market research synthesis|stakeholder update delivery,sql query intermediate|tableau or powerbi|ux principles application|agile framework knowledge|compensation plan design,conflict resolution|team mentoring|proactive communication|critical thinking|result orientation
senior_client_experience_manager,Senior Client Experience Manager,Retail,Senior,crm platform strategy|omnichannel customer experience|compliance governance|executive communication|data driven strategy|brand product integration,brand identity alignment|predictive analytics strategy|talent acquisition planning|crisis response leadership|international expansion strategy|revenue impact forecasting|third party integrator mgmt|innovation roadmap development,ai chatbot architecture|sustainability esg reporting|public sector advocacy|proprietary ml model training|venture capital pitching,visionary leadership|high level negotiation|emotional intelligence|strategic decision making|influence without authority
junior_retail_analytics_manager,Junior Retail Analytics Manager,Retail,Junior,excel proficiency|basic sql queries|data entry accuracy|daily sales reporting|inventory stock counts|kpi calculation,pivot table creation|manual data validation|visual chart generation|customer transaction logs|weekly summary emails|ticket management|basic pattern recognition|deadline adherence,simple python scripts|tableau desktop basics|google analytics setup|csv transformation|email automation,attention to detail|clear verbal communication|cooperative teamwork|willingness to learn|reliability
retail_analytics_manager,Retail Analytics Manager,Retail,Mid,data analysis|advanced sql joins|dashboard development|sales forecasting|pricing optimization|stakeholder liaison,omnichannel metrics|cohort analysis|campaign attribution|margin review|cross functional work|process documentation|trend identification|forecast accuracy,predictive modeling|supply chain link analysis|loyalty program metrics|seo impact analysis|automated alert systems,proactive problem solving|team coordination|presentation skills|adaptability|result oriented mindset
senior_retail_analytics_manager,Senior Retail Analytics Manager,Retail,Senior,strategic data planning|database governance|executive reporting systems|budget ownership|organizational leadership|regulatory compliance,enterprise architecture|profit loss management|talent development|cross departmental alignment|risk mitigation|market expansion support|vendor contract negotiation|cultural integration,ai ecosystem strategy|sustainability reporting|global market analysis|proprietary algorithm commissioning|merger acquisition data due diligence,visionary leadership|conflict resolution|influence without authority|high stakes decision making|culture building
junior_underwriter,Junior Underwriter,Insurance,Junior,risk assessment|regulatory compliance|policy documentation|data entry,excel proficiency|email correspondence|filing systems|insurance terminology|appointment scheduling|accuracy verification,basic scripting|licensing application|mobile access|certification study,attention to detail|punctuality|active listening|willingness to learn|teamwork
underwriter,Underwriter,Insurance,Mid,risk assessment|regulatory compliance|policy documentation|data entry|pricing analysis,complex data analysis|stakeholder meetings|report writing|system navigation|trend identification|audit participation|client negotiation support,specialist certifications|workflow automation|cross-training|networking|proposal drafting,problem solving|mentorship|conflict resolution|adaptability|clear communication
senior_underwriter,Senior Underwriter,Insurance,Senior,risk assessment|regulatory compliance|policy documentation|data entry|pricing analysis|portfolio strategy,strategic planning|executive reporting|governance framework|business development|talent management|market analysis|cost reduction strategies,predictive modeling|due diligence|thought leadership|global regulations|legacy system migration,leadership vision|decision making|diplomatic communication|change management|organizational influence
junior_actuary,Junior Actuary,Insurance,Junior,actuarial mathematics|basic statistics|insurance fundamentals|microsoft excel|sql basics|exam preparation,data cleaning|attention to detail|written communication|teamwork|problem solving,vba scripting|powerpoint skills|basic python,active listening|time management|adaptability|willingness to learn
actuary,Actuary,Insurance,Mid,actuarial mathematics|basic statistics|insurance fundamentals|risk modeling|project management|regulatory compliance,data governance|business acumen|reporting automation|mentorship|cross-functional work|critical thinking,predictive analytics|python libraries|machine learning|cost estimation|market analysis,negotiation|conflict resolution|proactive communication|leadership potential
senior_actuary,Senior Actuary,Insurance,Senior,actuarial mathematics|insurance fundamentals|risk modeling|enterprise risk management|strategic planning|executive communication,regulatory advocacy|talent development|technology integration|cost optimization|innovation leadership|budget oversight,investment strategy|m&a advisory|public speaking|international markets,visionary thinking|emotional intelligence|change management|crisis leadership
junior_claims_adjuster,Junior Claims Adjuster,Insurance,Junior,claims intake processing|basic policy interpretation|data entry accuracy|initial damage assessment|compliance documentation,microsoft office suite|insurance claim management system|basic fraud detection|stakeholder communication|report writing|regulatory adherence|time management,excel pivot tables|first aid certification|second language proficiency|industry association membership,active listening|attention to detail|customer empathy|adaptability|stress tolerance
claims_adjuster,Claims Adjuster,Insurance,Mid,claims investigation|loss valuation|settlement negotiation|complex case management|risk assessment,vendor coordination|litigation management|subrogation processes|detailed reporting|advanced analytics|contract review|team collaboration|deadline management,predictive modeling|project management basics|specialized coverage expertise|cloud-based workflow tools,problem solving|conflict resolution|emotional intelligence|mentorship|decision making
senior_claims_adjuster,Senior Claims Adjuster,Insurance,Senior,strategic claims management|legal liaison and expert consultation|executive level negotiation|operational workflow design|major loss adjudication|regulatory strategy,resource allocation|performance metrics analysis|claims department budgeting|staff training and development|crisis management|cross-functional collaboration|technology implementation|compliance auditing,public speaking|industry thought leadership|advanced machine learning application|international claims experience|change management strategy,strategic thinking|leadership presence|influence and persuasion|crisis composure|ethical judgment
junior_risk_analyst,Junior Risk Analyst,Insurance,Junior,data validation|excel pivot tables|policy document review|basic regulatory compliance|standard reporting generation|risk identification assistance,sql querying|jira ticket management|powerpoint slide creation|basic python scripting|accident year tracking|data quality checks|deadline adherence|verbal clarification,tableau visualization|internal audit processes|fraud detection patterns|claims data exposure|actuarial software familiarity,attention to detail|time management|willingness to learn|collaborative mindset|clear communication
risk_analyst,Risk Analyst,Insurance,Mid,advanced excel modeling|statistical analysis techniques|regulatory filing preparation|risk assessment frameworks|predictive modeling|vendor management,r programming|tableau dashboarding|cross-functional collaboration|process improvement initiatives|loss development techniques|stakeholder presentations|documentation standards|cloud computing basics,machine learning integration|solvency ii expertise|pricing analysis support|cyber risk assessment|catastrophe modeling,problem-solving orientation|negotiation tactics|project coordination|junior mentorship|critical thinking
senior_risk_analyst,Senior Risk Analyst,Insurance,Senior,enterprise risk management strategy|advanced financial modeling|actuarial liaison work|executive reporting|capital allocation planning|risk architecture design,model validation procedures|regulatory interpretation authority|team leadership|change management protocols|big data analytics integration|strategic forecasting methodologies|business continuity planning|risk culture advocacy,ai implementation strategy|mergers and acquisitions risk|international regulatory compliance|investment risk optimization|board engagement,strategic vision development|executive leadership|influence and persuasion|conflict resolution|organizational adaptability
junior_reinsurance_analyst,Junior Reinsurance Analyst,Insurance,Junior,excel proficiency|reinsurance concepts|data accuracy|report generation|financial literacy,ms office suite|internal communication|time management|file organization|basic accounting|attention to detail|learning agility,sql basics|vba macros|actuarial software exposure|foreign language skills|certification awareness,eagerness to learn|active listening|adaptability|organization|integrity
reinsurance_analyst,Reinsurance Analyst,Insurance,Mid,excel proficiency|reinsurance concepts|data accuracy|report analysis|treaty structuring|claims valuation,data visualization|risk modeling|broker relations|project management|regulatory rules|variance analysis|process improvement,power bi|python scripting|cpcu progress|advanced actuarial|modeling libraries,problem solving|teamwork|reliability|communication|deadline adherence
senior_reinsurance_analyst,Senior Reinsurance Analyst,Insurance,Senior,excel proficiency|reinsurance concepts|data accuracy|strategic planning|treaty portfolio management|risk oversight,capital allocation|audit preparation|vendor negotiation|budget forecasting|crisis management|compliance monitoring|technology roadmap,machine learning|m&a support|system architecture|legal drafting|conference speaking,leadership|negotiation|vision|conflict resolution|emotional intelligence
junior_fraud_investigator,Junior Fraud Investigator,Insurance,Junior,regulatory compliance|claim screening|case documentation|report drafting|data entry|policy verification,microsoft excel basics|email correspondence|time management|customer service fundamentals|document scanning|scheduling coordination|note-taking accuracy,sql basic queries|insurance license preparation|social media monitoring|foreign language basics|graph database visualization,attention to detail|ethical integrity|active listening|patience|team collaboration
fraud_investigator,Fraud Investigator,Insurance,Mid,regulatory compliance|claim analysis|evidence collection|case file oversight|report writing|policy verification,predictive analytics tools|investigative interviewing|law enforcement liaison|vendor management|complex documentation|conflict resolution|presentations to clients,python data scripting|open source intelligence tools|litigation support experience|process improvement mapping|project management basics,critical thinking|assertiveness|adaptability|negotiation|emotional intelligence
senior_fraud_investigator,Senior Fraud Investigator,Insurance,Senior,regulatory compliance|fraud strategy|case portfolio management|reporting structure|team supervision|policy design,cross-functional leadership|budget management|industry benchmarking|crisis management|root cause analysis|technology integration strategy|regulatory engagement,machine learning model governance|international fraud laws|specialized niche expertise|public speaking|thought leadership publication,visionary leadership|decision making under pressure|coaching and mentorship|resilience|diplomatic negotiation
junior_catastrophe_modeler,Junior Catastrophe Modeler,Insurance,Junior,spreadsheet software|sql basics|python basics|risk exposure tracking|report creation|insurance concepts,jupyter notebooks|version control|basic statistics|documentation standards|qa processes,cloud storage basics|xml parsing|specific peril focus,attention to detail|curiosity|time management|clear writing|reliability
catastrophe_modeler,Catastrophe Modeler,Insurance,Mid,python programming|advanced sql|scenario simulation|loss estimation|portfolio analysis|stakeholder reporting,tableau|regulatory frameworks|calibration techniques|underwriting alignment|data mapping|error debugging,machine learning libraries|aws ec2|custom api endpoints,problem-solving|collaboration|adaptability|active listening|critical thinking
senior_catastrophe_modeler,Senior Catastrophe Modeler,Insurance,Senior,model governance|system architecture|strategic forecasting|capital allocation|regulatory strategy|vendor management,executive communication|budget planning|technical recruitment|process optimization|international standards|risk aggregation,ai deployment|proprietary model building|market expansion strategy|quantum computing awareness|blockchain risk,leadership|negotiation|mentorship|decision making|change management
junior_loss_control_consultant,Junior Loss Control Consultant,Insurance,Junior,loss reporting assistance|regulatory compliance basics|site inspection observation|data entry accuracy|safety protocol understanding|document organization,industry terminology|basic risk identification|client communication support|microsoft office proficiency|insurance fundamentals|claim investigation support|health and safety regulations awareness,construction management knowledge|first aid certification|specific software training|lean six sigma yellow belt|environmental assessment awareness,attention to detail|willingness to learn|time management|adaptability|professional etiquette
loss_control_consultant,Loss Control Consultant,Insurance,Mid,independent risk audits|detailed loss reports|compliance analysis|client presentations|root cause analysis|risk mitigation planning,regulatory standards application|hazard recognition expertise|contract review|safety training delivery|quantitative risk assessment|stakeholder negotiation|emergency response coordination,engineering degree background|cybersecurity risk familiarity|supply chain risk knowledge|project management methodology|advanced data analytics,critical thinking|conflict resolution|public speaking|mentorship|problem solving
senior_loss_control_consultant,Senior Loss Control Consultant,Insurance,Senior,strategic risk management|portfolio oversight|executive client relations|loss prevention program design|budget management|team leadership,complex incident investigation|financial impact modeling|legislative advocacy|cross-industry consulting|vendor management|crisis response planning|policy development,artificial intelligence implementation|global safety standards leadership|sustainability integration|business development strategy|expert witness testimony,executive presence|strategic vision|influence and persuasion|organizational change management|resilience under pressure
junior_policy_administrator,Junior Policy Administrator,Insurance,Junior,policy administration|data entry accuracy|insurance compliance regulations|policy issuance processing|customer service protocols|document verification,microsoft excel fundamentals|crm software proficiency|billing cycle awareness|claim lifecycle familiarity|file management systems|email correspondence etiquette|basic accounting principles|deadline management,regulated form completion|multi-line insurance knowledge|process improvement techniques|spanish language bilingualism|vendor communication standards,verbal communication|active listening|organizational discipline|attention to detail|conflict resolution basics
insurance_compliance_officer,Insurance Compliance Officer,Insurance,Mid,regulatory tracking|claims compliance|internal audit prep|state reporting|policy monitoring|risk identification,naic model laws|kyc/aml procedures|data privacy standards|compliance software|document control|incident reporting|claims investigation|legal liaison,insurtech integration|reinsurance compliance|state licensing specifics|cyber insurance regulations|wellness program compliance,attention to detail|communication skills|time management|teamwork|analytical thinking
senior_insurance_compliance_officer,Senior Insurance Compliance Officer,Insurance,Senior,strategic regulatory tracking|claims compliance oversight|internal audit coordination|state reporting authority|policy governance|enterprise risk assessment,legal counsel integration|vendor risk oversight|merger acquisition due diligence|training curriculum design|fraud detection strategy|crisis management|policy revision authority|industry benchmarking,artificial intelligence governance|international regulations|public relations during breach|board advisory|thought leadership,negotiation|conflict resolution|mentorship|strategic vision|decision making
product_development_manager,Product Development Manager,Insurance,Mid,product lifecycle management|insurance regulatory compliance|cross-functional collaboration|agile development practices,market research|pricing strategy|actuarial liaison|claims data integration|customer journey mapping|vendor management|risk assessment|compliance monitoring,api integration|mobile application design|gamification features|niche market analysis|legacy system modernization,effective communication|problem-solving|adaptability|time management
senior_product_development_manager,Senior Product Development Manager,Insurance,Senior,product lifecycle management|insurance regulatory compliance|cross-functional collaboration|agile development practices|strategic planning|p&l ownership,digital transformation roadmap|ecosystem architecture|talent development|competitive intelligence|budget forecasting|innovation framework|change management|operational excellence,ai-driven underwriting|insurtech partnership strategy|sustainability standards|global market entry|proprietary modeling,leadership|conflict resolution|decision-making|emotional intelligence|influence
senior_underwriting_director,Senior Underwriting Director,Insurance,Senior,strategic risk assessment|underwriting policy development|p&l management|regulatory compliance oversight|reinsurance structuring|capital allocation strategies,loss ratio analysis|portfolio diversification|actuarial collaboration|underwriting automation implementation|team mentorship and development|pricing strategy formulation|claims liaison management,predictive analytics modeling|cyber risk specialization|sustainability and esg underwriting|m&a underwriting due diligence,executive presentation|cross-functional leadership|crisis decision making|stakeholder influence|change management
reinsurance_account_executive,Reinsurance Account Executive,Insurance,Mid,treaty placements|premium accounting|market quoting|cedant relations,actuarial data review|client reporting|reinsurance agreement drafting|market trend analysis|loss ratio monitoring|stakeholder coordination|software proficiency,exotic lines expertise|insurtech tools|international market laws|catastrophe modeling basic,active listening|clear communication|adaptability|attention to detail
senior_reinsurance_account_executive,Senior Reinsurance Account Executive,Insurance,Senior,treaty placements|premium accounting|market quoting|cedant relations|complex treaty structuring|business development leadership,actuarial data review|client reporting|reinsurance agreement drafting|market trend analysis|loss ratio monitoring|stakeholder coordination|software proficiency|portfolio profitability analysis,capital market access|merger acquisition research|regulatory advisory|catastrophe modeling advanced,active listening|strategic vision|conflict resolution|mentorship leadership
junior_medical_review_specialist,Junior Medical Review Specialist,Insurance,Junior,medical terminology|insurance policies fundamentals|compliance awareness|claim adjudication basics|data entry accuracy|ehr navigation,icd-10 coding basics|medical billing workflows|hipaa privacy standards|time management|written communication|attention to detail|claim tracking software,basic excel functions|multi-language proficiency|qa familiarity|telehealth verification,active listening|adaptability|reliability|teamwork|patience
medical_review_specialist,Medical Review Specialist,Insurance,Mid,medical terminology|insurance policies fundamentals|compliance awareness|utilization review|policy interpretation|operational metrics,root cause analysis|regulatory updates|cross-functional collaboration|prioritization|technical troubleshooting|workflow optimization|performance metrics review,contract negotiation support|predictive analytics usage|specialty code knowledge|project management basics,leadership mentoring|conflict resolution|critical thinking|empathy|accountability
senior_medical_review_specialist,Senior Medical Review Specialist,Insurance,Senior,medical terminology|insurance policies fundamentals|compliance awareness|operational strategy|program design|audit governance,regulatory compliance auditing|financial impact analysis|vendor management|stakeholder management|change management|advanced data modeling|talent development planning,healthcare economics expertise|ai/ml integration|legal counsel liaison|industry conference speaking,executive communication|strategic visioning|negotiation|emotional intelligence|crisis management
junior_insurance_sales_representative,Junior Insurance Sales Representative,Insurance,Junior,regulatory compliance|crm software proficiency|lead generation|basic product knowledge,needs assessment|appointment scheduling|policy renewal tracking|data entry|compliance reporting|customer support,social media marketing|referral programming|financial basics|market trends reading,active listening|resilience|professionalism|eagerness to learn
insurance_sales_representative,Insurance Sales Representative,Insurance,Mid,regulatory compliance|crm software proficiency|lead generation|basic product knowledge|quote generation management,needs assessment|appointment scheduling|policy renewal tracking|data entry|compliance reporting|customer support|upselling techniques,social media marketing|referral programming|digital sales channels|niche insurance products,active listening|resilience|relationship building|time management
senior_insurance_sales_representative,Senior Insurance Sales Representative,Insurance,Senior,regulatory compliance|crm software proficiency|lead generation|basic product knowledge|quote generation management|team leadership mentorship,needs assessment|appointment scheduling|policy renewal tracking|data entry|compliance reporting|customer support|upselling techniques|strategic forecasting,social media marketing|referral programming|digital sales channels|niche insurance products|partnership negotiation,active listening|relationship building|strategic thinking|conflict resolution|coaching
junior_structural_engineer,Junior Structural Engineer,Civil Engineering,Junior,structural analysis|blueprint reading|cad tools|material knowledge|safety rules,ms office suite|site observation|daily reporting|email correspondence|file management|task prioritization,bim viewer proficiency|basic python scripting|seismic zone awareness|student association membership,active listening|willingness to learn|reliability|accepting feedback
structural_engineer,Structural Engineer,Civil Engineering,Mid,structural analysis|blueprint reading|cad tools|structural design|building codes|construction methods,client liaison|project scheduling|budget tracking|subcontractor coordination|quality assurance|mentorship support,revit advanced|energy modeling|environmental assessment|permit expeditions,independent problem solving|negotiation|adaptability|team collaboration
senior_structural_engineer,Senior Structural Engineer,Civil Engineering,Senior,structural analysis|structural design|project leadership|code authority|final approval|risk management,business development|stakeholder management|financial oversight|policy influence|crisis intervention|talent development,expert witness|standard committee participation|patent management|academic lecturing,strategic vision|executive decision making|conflict resolution|persuasive communication
junior_geotechnical_engineer,Junior Geotechnical Engineer,Civil Engineering,Junior,hse compliance|soil testing|cad drafting|site survey|data entry|material documentation,borehole logging|basic geotechnical software|site visit assistance|drawing review|quality control checks|team collaboration|schedule tracking,python scripting|gis data processing|drone surveying|environmental permitting|slope stability basics,attention to detail|willingness to learn|active listening|reliability|adaptability
geotechnical_engineer,Geotechnical Engineer,Civil Engineering,Mid,hse compliance|soil testing|cad integration|site supervision|design calculations|technical reporting,numerical modeling|foundation design|ground improvement|client meetings|cost estimation|construction monitoring|mentorship,seismic analysis|bim coordination|remote sensing|forensic evaluation|contract administration,problem solving|negotiation|stakeholder management|decision making|coaching
senior_geotechnical_engineer,Senior Geotechnical Engineer,Civil Engineering,Senior,hse compliance|soil testing|cad standards|site strategy|design authority|risk assessment,complex modeling|value engineering|business development|regulatory liaison|legal dispute support|innovation lead|resource allocation,research publication|international codes|policy advising|academic lecturing|patent registration,leadership|strategic planning|conflict resolution|public speaking|crisis management
junior_transportation_engineer,Junior Transportation Engineer,Civil Engineering,Junior,traffic data collection|drafting fundamentals|excel data handling|traffic signal theory|safety protocol adherence,geometric design|intersection capacity|basic environmental review|ms project basics|stakeholder correspondence|field inspection|documentation accuracy,python scripting|visum interface|arcmap navigation,attention to detail|eagerness to learn|cooperative attitude|punctuality
transportation_engineer,Transportation Engineer,Civil Engineering,Mid,traffic data collection|drafting fundamentals|excel data handling|traffic signal theory|safety protocol adherence|cost estimation,corridor planning|bid document prep|contractor supervision|budget monitoring|risk identification|sustainable design|grant funding|public consultation,machine learning applications|drone data interpretation|digital twin modeling|grant proposal writing,mentoring junior staff|conflict mediation|time management|persuasive presentation|adaptability
senior_transportation_engineer,Senior Transportation Engineer,Civil Engineering,Senior,traffic data collection|drafting fundamentals|cost estimation|safety protocol adherence|strategic leadership|regulatory compliance,high stakes negotiation|department budget oversight|public liaison engagement|innovation strategy|talent acquisition|complex dispute resolution|industry speaking|crisis management,autonomous vehicle integration|air mobility research|academic publications|global standards|proprietary algorithms,executive presence|ethical leadership|organizational vision|crisis decision making|diplomatic negotiation
junior_water_resources_engineer,Junior Water Resources Engineer,Civil Engineering,Junior,hydraulic modeling|cad software|regulatory standards|data analysis,gis basics|lab testing|time tracking|email correspondence|file organization|safety awareness,basic coding|stormwater specifics|grant writing|excel macros,attention to detail|eagerness to learn|punctuality|collaborative mindset|openness to feedback
water_resources_engineer,Water Resources Engineer,Civil Engineering,Mid,hydraulic modeling|cad software|regulatory standards|data analysis|project coordination|cost estimation,watershed analysis|construction supervision|permit processing|quality assurance|stakeholder reporting|schedule management,sustainability rating|climate resilience|advanced statistics|legal compliance review,problem solving|client communication|deadline management|adaptive reasoning|conflict resolution
senior_water_resources_engineer,Senior Water Resources Engineer,Civil Engineering,Senior,hydraulic modeling|cad software|regulatory standards|data analysis|infrastructure architecture|business development,resource allocation|policy influence|financial oversight|cross functional coordination|emergency response|vendor selection,academic research|technology integration|international standards|conference leadership,strategic vision|leadership|negotiation tactics|emotional intelligence|decisive judgment
junior_land_development_engineer,Junior Land Development Engineer,Civil Engineering,Junior,autocad|blueprint reading|hydraulic concepts|code familiarity|report drafting|inspection assistance,excel modeling|survey data entry|email communication|site visit attendance|basic hydraulics software|file organization|osha safety protocols|meeting minutes,gis software|drone imagery|green infrastructure|leed awareness|video conferencing tools,curiosity|attention to detail|teamwork|reliability|openness to feedback
land_development_engineer,Land Development Engineer,Civil Engineering,Mid,autocad|blueprint reading|hydraulic concepts|code familiarity|schedule management|subcontractor coordination,stakeholder communication|cost estimation|construction observation|permit application|risk assessment|document control|vendor liaison|quality checks,bim integration|environmental compliance|grant writing|advanced geotechnical|public sector networking,problem solving|client management|delegation|adaptability|conflict resolution
senior_land_development_engineer,Senior Land Development Engineer,Civil Engineering,Senior,autocad|blueprint reading|hydraulic concepts|code familiarity|team leadership|design approval,business development|contract administration|legal liability mitigation|high-level reporting|policy advocacy|budget oversight|strategic planning|executive presentation,international codes|corporate sustainability|litigation support|zoning board testimony|mentorship programs,leadership|strategic thinking|negotiation|emotional intelligence|crisis management
junior_pavement_engineer,Junior Pavement Engineer,Civil Engineering,Junior,pavement design principles|soil classification|asphalt mix testing|cad drafting|field surveying basics,drafter assistance|data entry|construction site visits|safety regulation adherence|drawing revisions|material ordering|daily reporting,drone data processing|excel pivot tables|green pavement concepts,attention to detail|team collaboration|willingness to learn|time management|effective communication
pavement_engineer,Pavement Engineer,Civil Engineering,Mid,pavement design principles|soil classification|asphalt mix testing|cad drafting|field surveying basics|drainage calculations,client interaction|proposal writing|budget tracking|contract review|quality assurance audits|schedule management|technical presentations|vendor evaluation,python scripting|bim coordination|life cycle cost analysis|sustainable materials|gis mapping,conflict resolution|project coordination|effective communication|mentoring peers|critical thinking
senior_pavement_engineer,Senior Pavement Engineer,Civil Engineering,Senior,pavement design principles|soil classification|asphalt mix testing|cad drafting|field surveying basics|drainage calculations,strategic planning|resource allocation|risk mitigation|policy development|high level negotiations|innovation integration|cross functional leadership|system architecture,industry thought leadership|academic publication|advanced machine learning|global standards influence|automated design workflows,strategic communication|leadership|decision making|stakeholder negotiation|vision setting
junior_drainage_engineer,Junior Drainage Engineer,Civil Engineering,Junior,hydraulic calculations|cad drafting|regulatory compliance|site safety protocols,civil 3d proficiency|hydrology estimation|technical report writing|data integrity checks|team communication,python scripting basics|drone data collection|green infrastructure awareness,attention to detail|willingness to learn|time management
drainage_engineer,Drainage Engineer,Civil Engineering,Mid,hydraulic calculations|cad drafting|regulatory compliance|site safety protocols|modeling software usage,civil 3d proficiency|hydrology estimation|technical report writing|stakeholder liaison|cost estimation|risk assessment|quality assurance,gis integration|sustainable drainage systems|subsurface utility engineering,problem solving|client communication|mentorship capability
senior_drainage_engineer,Senior Drainage Engineer,Civil Engineering,Senior,hydraulic calculations|cad drafting|regulatory compliance|site safety protocols|modeling software usage|contract administration,complex system validation|bid evaluation|strategic planning|resource allocation|compliance auditing|advanced troubleshooting|vendor management,research methodology|international standards certification|automated workflow development|legacy system migration,conflict resolution|decision making|strategic vision|executive presentation
junior_project_engineer,Junior Project Engineer,Civil Engineering,Junior,civil engineering fundamentals|auto cad proficiency|site inspection basics|material testing knowledge|safety compliance adherence|basic quantity surveying,blueprint reading|regulatory code familiarity|report drafting|spreadsheet analysis|team communication|equipment operation awareness|timeline tracking,drone mapping basics|green building standards|bim viewer software|cost estimation entry|international design codes,attention to detail|teachability|reliability|collaboration|integrity
project_engineer,Project Engineer,Civil Engineering,Mid,schedule development and tracking|contract administration|contractor oversight|safety program implementation|cost control management|quality assurance execution,primavera p6 proficiency|change order management|technical specification review|budget variance analysis|regulatory liaison work|subcontractor performance evaluation|progress reporting dashboards,lean construction practices|value engineering techniques|sustainability certification pursuit|predictive cost modeling|ai driven monitoring tools,conflict resolution|client relationship management|delegation effectiveness|critical thinking|mentorship ability
senior_project_engineer,Senior Project Engineer,Civil Engineering,Senior,strategic project lifecycle ownership|site oversight governance|executive contract negotiation|total budget governance|safety culture establishment|technical design authority,stakeholder alignment|regulatory agency leadership|capital funding acquisition|dispute resolution guidance|technology infrastructure planning|cross-functional integration|talent development programs,public sector representation|academic contribution|market expansion analysis|innovation lab creation|global compliance mapping,executive presence|crisis leadership|negotiation prowess|emotional intelligence|visionary thinking
junior_field_engineer,Junior Field Engineer,Civil Engineering,Junior,blueprint reading|safety compliance|surveying basics|material testing,data logging|quality checks|tool handling|site coordination|basic reporting,drone operations|gis fundamentals|osha training,teamwork|attention to detail|punctuality|willingness to learn
field_engineer,Field Engineer,Civil Engineering,Mid,blueprint reading|safety compliance|surveying basics|material testing|project scheduling,progress tracking|vendor liaison|qc audits|technical troubleshooting|document control|workflow optimization,leed accreditation|bims 7 basic|safety auditing|heavy equipment ops,communication|problem solving|teamwork|attention to detail|adaptability
senior_field_engineer,Senior Field Engineer,Civil Engineering,Senior,blueprint reading|safety compliance|surveying basics|material testing|project scheduling|design review,contract management|risk assessment|budget planning|regulatory strategy|stakeholder engagement|resource allocation,pm certification|expert witness|procurement specialization,leadership|negotiation|strategic thinking|decision making|conflict management
junior_bim_coordinator,Junior BIM Coordinator,Civil Engineering,Junior,basic cad modeling|autocad civil 3d proficiency|file storage protocols|iso 19650 basics|rudimentary clash identification,pdf markup tools|revision history tracking|simple schedule adherence|software troubleshooting|internal email communication|basic rendering exports,grasshopper beginner scripts|mobile site inspection apps|dxf/dwg conversion optimization|vr viewer access,attention to detail|receptiveness to feedback|punctuality|teamwork readiness
bim_coordinator,BIM Coordinator,Civil Engineering,Mid,model federation|infra corridor coordination|cde platform administration|version control workflows|technical clash resolution,workflow automation scripts|template customization|interdisciplinary workshops|progress reporting dashboards|quality assurance audits|subcontractor technical support,api data extraction|drone survey processing|lidar point cloud integration|custom parameter sets,proactive problem solving|collaborative communication|adaptability to scope changes|peer feedback delivery
senior_bim_coordinator,Senior BIM Coordinator,Civil Engineering,Senior,bim execution strategy|standards authoring|infrastructure lifecycle management|project governance oversight|budget impact analysis,stakeholder contract negotiations|vendor technology evaluation|compliance regulatory reviews|knowledge transfer mentorship|performance metric definition|digital twin roadmap,ai automated code checking|blockchain document integrity|immersive vr training labs|predictive construction analytics,strategic leadership|conflict resolution|mentoring junior staff|influence without authority
junior_transportation_planner,Junior Transportation Planner,Civil Engineering,Junior,data collection|microsoft excel|gis basics|autocad fundamentals|traffic count analysis|regulatory research,report writing|meeting minutes|atlas data management|survey review|basic modeling|client communication|safety assessments,python scripting|bicycle facility standards|environmental impact assessment|transit scheduling|aerial imagery analysis,attention to detail|eagerness to learn|teamwork|time management|clear communication
transportation_planner,Transportation Planner,Civil Engineering,Mid,data collection|microsoft excel|gis mapping|autocad drafting|traffic impact analysis|regulatory compliance,stakeholder coordination|project documentation|traffic simulation software|field survey verification|cost estimation|schedule management|technical presentations,python automation|lidar processing|grant writing|adaptive signal technology|geospatial database management,conflict resolution|cross-team communication|critical thinking|adaptability|mentoring juniors
senior_transportation_planner,Senior Transportation Planner,Civil Engineering,Senior,data collection|microsoft excel|network optimization|regulatory strategy|capital improvement planning|system architecture,budget oversight|master plan development|risk assessment|public hearing facilitation|team leadership|vendor management|innovation implementation,ai predictive modeling|climate resilience planning|international standards compliance|smart city technologies|advanced fiscal policy analysis,executive communication|strategic leadership|organizational influence|negotiation|decision making under pressure
construction_manager,Construction Manager,Civil Engineering,Mid,construction schedule management|site safety compliance|subcontractor oversight|budget monitoring|quality assurance protocols|civil engineering standards adherence,blueprint interpretation|autocad proficiency|material procurement|daily site reporting|regulatory documentation|change order processing|earthwork volume verification|labor allocation,drone mapping technology|prefabrication assembly|energy efficiency modeling|soil stabilization techniques|permit expedite services,clear verbal communication|effective delegation|operational flexibility|deadline driven mindset|collaborative teamwork
senior_construction_manager,Senior Construction Manager,Civil Engineering,Senior,strategic project planning|comprehensive safety governance|contract negotiation and management|financial forecasting and cost optimization|risk management strategy|organizational leadership,multi-site operations oversight|bid estimation strategy|legal dispute resolution|mentorship of junior staff|vendor relationship management|public works regulatory compliance|performance optimization|capital expenditure approval,sustainable infrastructure design|automated construction tech integration|complex stakeholder diplomacy|crisis management protocol|industry networking,decisive leadership|strategic thinking|high-stakes conflict resolution|advanced negotiation|emotional intelligence
project_manager,Project Manager,Civil Engineering,Mid,project scheduling|budget management|contract administration|safety compliance|quality control|progress reporting,cost estimating|risk assessment|subconsultant coordination|technical drawing review|change order management|regulatory permitting|document control|site supervision,leed certification|bim coordination|lean construction|gis analysis|prequalification tools,verbal communication|problem solving|time management|team collaboration|adaptability
senior_project_manager,Senior Project Manager,Civil Engineering,Senior,strategic project planning|financial forecasting|legal contract negotiation|resource optimization|executive relationship management|enterprise risk management,portfolio management|mentorship programs|procurement strategy|dispute resolution|market analysis|vendor qualification|kpi dashboarding|sustainable engineering practices,digital twin implementation|automated workflow systems|government contract compliance|investment funding models|cross-cultural management,strategic thinking|conflict resolution|decisive leadership|negotiation|emotional intelligence
senior_chief_engineer,Senior Chief Engineer,Civil Engineering,Senior,civil infrastructure design review|project lifecycle management|building codes and regulations compliance|large-scale budget oversight|technical team leadership|risk assessment and mitigation,automated design software proficiency|sustainable construction methodologies|contractor vendor management|geotechnical analysis interpretation|water resources engineering|structural integrity assessment|public sector liaison|value engineering strategies,bim workflow optimization|drone surveying technology|smart city integration knowledge|leed certification expertise|heritage preservation standards,executive communication|conflict resolution|strategic planning|mentoring junior engineers|crisis management
senior_director_of_civil_engineering,Senior Director of Civil Engineering,Civil Engineering,Senior,strategic planning|operational leadership|capital project oversight|regulatory compliance|budget management and profit and loss|multi-project portfolio management,contract negotiation|risk assessment|quality control systems|stakeholder relationship management|bid estimation review|schedule performance monitoring|sustainability standards adherence|vendor contract administration,artificial intelligence integration|lean construction practices|specialized geotechnical design|smart city infrastructure knowledge|intellectual property rights management,executive presentation|conflict resolution|team development|strategic vision|adaptability to change
junior_personal_banker,Junior Personal Banker,Banking,Junior,account opening procedures|regulatory compliance basics|transaction processing|customer inquiry resolution,data entry accuracy|cash handling|saving product awareness|conflict de-escalation|team collaboration,foreign currency exchange|loyalty program setup|fraud detection alerts|social media banking,patience|clear communication|integrity|attention to detail|reliability
personal_banker,Personal Banker,Banking,Mid,account opening procedures|regulatory compliance basics|transaction processing|customer inquiry resolution|credit application processing,sales target achievement|relationship retention|cross selling|financial needs analysis|crm usage|loan referral coordination,investment referrals|deposit insurance counseling|digital platform adoption|competitor analysis,negotiation|active listening|problem solving|empathy|time management
senior_personal_banker,Senior Personal Banker,Banking,Senior,account opening procedures|regulatory compliance basics|transaction processing|customer inquiry resolution|credit application processing|branch performance management,talent recruitment|strategic budgeting|risk oversight|mentorship program design|stakeholder management|operational auditing,policy creation|industry networking|fintech partnership evaluation|succession planning,leadership|decision making|emotional intelligence|vision setting|accountability
junior_commercial_credit_underwriter,Junior Commercial Credit Underwriter,Banking,Junior,financial statement analysis|regulatory compliance checks|credit reporting review|excel modeling,industry research|collateral valuation support|internal data entry|cash flow tracking|email correspondence|loan origination system usage,sql queries|presentation design|crm software,attention to detail|time management|willingness to learn
commercial_credit_underwriter,Commercial Credit Underwriter,Banking,Mid,financial statement analysis|regulatory compliance checks|credit reporting review|excel modeling|deal structuring|independent risk assessment,portfolio risk monitoring|market trend analysis|stakeholder coordination|stress testing scenarios|debt service coverage modeling|client interaction|loss prevention techniques,proprietary risk analytics|legal agreement redlining|derivative structures awareness|esg lending criteria,problem-solving|team mentorship|conflict resolution|adaptability
senior_commercial_credit_underwriter,Senior Commercial Credit Underwriter,Banking,Senior,financial statement analysis|regulatory compliance checks|credit reporting review|deal structuring|excel modeling|credit policy formulation,senior stakeholder engagement|capital allocation planning|macroeconomic forecasting|team leadership and training|vendor selection oversight|audit liaison,automated underwriting model design|fintech integration strategy|sovereign risk assessment,strategic vision|executive negotiation|decisive leadership|emotional intelligence
junior_wealth_management_advisor,Junior Wealth Management Advisor,Banking,Junior,regulatory compliance|financial products knowledge|crm software|client onboarding support,market trend reading|appointment scheduling|account maintenance|email etiquette|reporting generation|transaction logging|internal communication|data verification,fintech tools familiarity|beginner finance certificates|public speaking|social media presence|industry conferences,punctuality|active listening|integrity|patience|teamwork
wealth_management_advisor,Wealth Management Advisor,Banking,Mid,regulatory compliance|financial products knowledge|crm software|client onboarding support|investment analysis,portfolio diversification|client consultations|risk assessment|compliance reporting|sales forecasting|financial modeling|budgeting advice|conflict resolution,derivatives comprehension|trust fund knowledge|international banking relations|advanced excel macros|specialized workshops,persuasion|emotional intelligence|leadership potential|decisiveness|accountability
senior_wealth_management_advisor,Senior Wealth Management Advisor,Banking,Senior,regulatory compliance|financial products knowledge|crm software|client onboarding support|investment analysis|estate planning,high net worth strategies|succession planning|business unit goals|talent development|merger advisory|proprietary trading oversight|vendor negotiations|crisis management,philanthropy structuring|family office governance|equity compensation expert|global tax optimization|institutional relationships,visionary thinking|strategic negotiation|culture building|crisis leadership|mentorship capability
junior_compliance_officer,Junior Compliance Officer,Banking,Junior,aml screening|kyc verification|reporting assistance|policy adherence,transaction monitoring|customer due diligence support|internal compliance tools|data entry accuracy|deadline management|email communication|error documentation,basic excel macros|fraud awareness training|regulatory newsletter reading|crm software usage|financial terminology,attention to detail|willingness to learn|ethical integrity|patience|collaborative mindset
compliance_officer,Compliance Officer,Banking,Mid,aml screening|kyc verification|reporting assistance|policy adherence|risk assessment execution,audit support|regulatory update analysis|stakeholder reporting|process optimization|investigation handling|system configuration|team coordination,sql data extraction|programming logic|project management|industry specialization|regulatory exam interaction,assertiveness|critical thinking|coaching juniors|negotiation skills|accountability
senior_compliance_officer,Senior Compliance Officer,Banking,Senior,aml screening|kyc verification|reporting assistance|policy adherence|risk assessment execution|strategic program design,regulatory liaison|governance framework design|third party risk management|legal counsel interface|cross-border compliance|digital transformation support|board reporting,advanced ai compliance tools|iso accreditation|public speaking|legislative advocacy|merger integration,stakeholder management|crisis leadership|decision authority|mentorship|vision setting
junior_bank_credit_risk_analyst,Junior Bank Credit Risk Analyst,Banking,Junior,excel fundamentals|financial statement analysis|basic credit scoring models|regulatory compliance awareness|data extraction|documentation standards,basic sql queries|power bi dashboard creation|accurate reporting|attention to detail|deadline management|research capabilities|client data privacy|email correspondence,basic python scripting|introductory statistics|sector specific research|presentation delivery|process improvement ideas,curiosity|reliability|communication clarity|teamwork|willingness to learn
bank_credit_risk_analyst,Bank Credit Risk Analyst,Banking,Mid,excel advanced modeling|financial statement analysis|credit risk modeling techniques|regulatory compliance frameworks|portfolio data analysis|internal documentation standards,advanced sql and database management|vba macro automation|python or r for analytics|stakeholder communication|report consolidation|data visualization mastery|project coordination|cross-functional collaboration,machine learning applications|economic forecasting|derivative risk assessment|ifrs 9 technical support|vendor evaluation,analytical reasoning|problem solving|conflict resolution|mentoring junior staff|decisiveness
senior_bank_credit_risk_analyst,Senior Bank Credit Risk Analyst,Banking,Senior,excel strategic modeling|financial statement analysis|advanced credit scoring architecture|regulatory compliance governance|enterprise data architecture|high-level documentation standards,data governance leadership|python r algorithm optimization|automated workflow systems|executive persuasion|team performance management|strategic planning|technology selection|change management,global regulatory coordination|fintech partnership management|ai ethics in lending|merger acquisition due diligence|thought leadership publication,strategic vision|leadership influence|crisis management|ethical stewardship|diplomatic negotiation
junior_treasury_operations_specialist,Junior Treasury Operations Specialist,Banking,Junior,bank transfer processing|payment settlement|account reconciliation|swift message management,excel proficiency|attention to detail|time management|basic knowledge of anti money laundering|banking system navigation|customer inquiry support|follow standard operating procedures,sap finance basics|python scripting|foreign exchange exposure tracking|trade finance terminology,problem solving|teamwork|adaptability|clear communication
treasury_operations_specialist,Treasury Operations Specialist,Banking,Mid,bank transfer processing|payment settlement|account reconciliation|swift message management|liquidity forecasting|exception handling,stakeholder management|process improvement|advanced excel|financial reporting|vendor management|project coordination|risk assessment,api integrations|machine learning in fraud|derivative instruments|crypto asset handling,conflict resolution|mentorship|critical thinking|decision making
senior_treasury_operations_specialist,Senior Treasury Operations Specialist,Banking,Senior,bank transfer processing|payment settlement|account reconciliation|swift message management|liquidity forecasting|end-to-end process architecture design,cross-functional leadership|budget management|audit liaison|technology roadmap planning|stakeholder negotiation|vendor oversight|crisis management,fintech partnerships|blockchain infrastructure|ai-driven cash positioning|tax optimization strategies,executive presence|visionary leadership|change management|ethical judgment
junior_anti_money_laundering_investigator,Junior Anti-Money Laundering Investigator,Banking,Junior,aml regulatory knowledge|customer due diligence|alert triage|case documentation,excel proficiency|data entry accuracy|internal communication|basic fraud patterns|record retention compliance|attendance adherence,cams preparation|basic sql|crypto asset recognition,integrity|attention to detail|adaptability|team collaboration
anti_money_laundering_investigator,Anti-Money Laundering Investigator,Banking,Mid,aml regulatory knowledge|customer due diligence|alert triage|case documentation|sar preparation|risk assessment,advanced excel functions|cross-border transaction analysis|stakeholder communication|audit response|workflow optimization|peer training,python automation|machine learning interpretation|forensic accounting|advanced sanctions databases,critical thinking|independence|time management|conflict resolution
senior_anti_money_laundering_investigator,Senior Anti-Money Laundering Investigator,Banking,Senior,aml regulatory knowledge|customer due diligence|case documentation|sar preparation|risk assessment|aml program governance,budget management|technology architecture|board reporting|legal counsel interface|crisis management|talent acquisition,predictive modelling|global sanctions strategy|media relations|academic lecturing,strategic vision|ethical leadership|negotiation|political acumen
junior_mortgage_loan_originator,Junior Mortgage Loan Originator,Banking,Junior,mortgage compliance|document collection|loan application intake|borrower communication,crm software basics|federal lending rules awareness|deadline tracking|file accuracy|basic sales scripts|email correspondence|lead qualification,bilingual capabilities|real estate license|excel spreadsheets|social media outreach|loan officer certification prep,attention to detail|patience|clear articulation|reliability|curiosity
mortgage_loan_originator,Mortgage Loan Originator,Banking,Mid,mortgage compliance|document collection|loan application intake|borrower communication|credit assessment|pipeline management,lender negotiations|risk mitigation|referral network building|underwriter liaison|loan pricing|contract preparation|market trends analysis|closing coordination,fintech platform integration|investment property expertise|luxury home lending|portfolio diversification|automated underwriting tools,persuasive negotiation|time prioritization|conflict resolution|empathy|adaptability
senior_mortgage_loan_originator,Senior Mortgage Loan Originator,Banking,Senior,mortgage compliance|document collection|loan application intake|borrower communication|pipeline management|strategic leadership,branch oversight|compliance auditing|mentorship programs|high net worth client relations|revenue forecasting|vendor partnership management|executive reporting|policy development,proprietary loan product design|merger acquisition due diligence|industry conference speaking|regulatory lobbying|cross-border lending,visionary thinking|decisive leadership|conflict mediation|coaching others|crisis management
branch_manager,Branch Manager,Banking,Mid,branch operations|regulatory compliance|financial reporting|sales target achievement|staff supervision,credit risk assessment|cash handling procedures|banking software proficiency|conflict resolution|vendor management|local marketing coordination,digital banking tools|foreign exchange knowledge|community outreach|data analysis basics,communication|adaptability|problem-solving|emotional intelligence
senior_branch_manager,Senior Branch Manager,Banking,Senior,branch operations|regulatory compliance|financial reporting|sales target achievement|staff supervision|strategic business planning,enterprise risk management|portfolio growth strategy|stakeholder engagement|process optimization|crisis management|audit liaison|budget forecasting,m&a support|regional expansion planning|fintech integration|succession planning,decision-making|mentorship|resilience|visionary thinking
investment_portfolio_manager,Investment Portfolio Manager,Banking,Mid,financial modeling|performance reporting|portfolio construction|regulatory compliance|risk analysis,asset allocation|bloomberg terminal|excel proficiency|investment guidelines|market research|client reporting,esg integration|sector specialization|fintech tools,attention to detail|communication|problem solving|time management
senior_investment_portfolio_manager,Senior Investment Portfolio Manager,Banking,Senior,financial modeling|performance reporting|portfolio construction|regulatory compliance|risk analysis|strategic leadership,advanced derivatives|capital markets knowledge|institutional client management|macroeconomic forecasting|stakeholder negotiations|team supervision|technology integration,cross-border regulations|mentorship programs|proprietary algorithms|public speaking,decision making under pressure|emotional intelligence|leadership|negotiation
junior_corporate_banking_relationship_manager,Junior Corporate Banking Relationship Manager,Banking,Junior,credit analysis|regulatory compliance|crm platform usage|financial reporting|loan documentation|pipeline tracking,industry research|meeting preparation|cash flow monitoring|cross selling identification|internal communication|time management|product knowledge|quality control,fx exposure basics|treasury support|esg reporting intro|data visualization|social prospecting,active listening|attention to detail|teamwork|integrity|adaptability
corporate_banking_relationship_manager,Corporate Banking Relationship Manager,Banking,Mid,credit analysis|regulatory compliance|client acquisition|portfolio management|financial reporting|deal structuring,negotiation tactics|risk mitigation planning|stakeholder management|competitive analysis|digital solution integration|client retention strategies|financial modeling|account growth planning,derivatives structuring|wealth management links|fintech partnerships|esg lending criteria|alternative investments,problem solving|assertive communication|collaboration|emotional intelligence|coaching peers
senior_corporate_banking_relationship_manager,Senior Corporate Banking Relationship Manager,Banking,Senior,credit analysis|regulatory compliance|strategic relationship leadership|enterprise risk governance|p&l ownership|cross functional leadership,macro economic strategy|mentorship programs|crisis management|global banking networks|capital allocation|executive presentation skills|ecosystem building|decision making authority,ma advisory coordination|blockchain implementation|ai driven tools|thought leadership|sovereign risk,executive presence|decisive judgment|conflict resolution|visionary thinking|networking
trade_finance_structurer,Trade Finance Structurer,Banking,Mid,trade finance products|ucp 600 compliance|credit risk assessment|transaction structuring support,kycaaml procedures|client reporting|correspondence banking relations|contract drafting support|internal system operation|lc dispute handling|document examination,blockchain pilot familiarity|invoice trading platforms|export control nuances|customs valuation knowledge|commodity hedging basics,attention to detail|analytical thinking|time management|teamwork|client responsiveness
senior_trade_finance_structurer,Senior Trade Finance Structurer,Banking,Senior,trade finance products|ucp 600 compliance|credit risk assessment|transaction structuring support|capital allocation strategy|market entry architecture,syndicated trade solutions|derivative hedging integration|global network management|regulatory policy influence|business unit strategy alignment|mentoring junior staff|proprietary risk algorithms,sustainable finance structuring|tokenized asset trading|central bank digital currency integration|multi-currency funding strategies|geopolitical risk modeling,strategic vision|leadership delegation|conflict resolution|executive presentation skills|decision making under pressure
junior_payments_systems_analyst,Junior Payments Systems Analyst,Banking,Junior,payment flow monitoring|ticketing software usage|regulatory compliance basics|documentation drafting|basic excel usage,email correspondence|software testing support|data accuracy checks|team collaboration|meeting attendance|training materials review|issue logging,sql stored procedures|json formatting|basic python scripting|visual basic macros,attention to detail|patience|active listening|responsibility|curiosity
payments_systems_analyst,Payments Systems Analyst,Banking,Mid,payment flow monitoring|ticketing workflow management|regulatory compliance adherence|requirements specification drafting|intermediate relational database skills|api interaction debugging,advanced excel functions|stakeholder relationship building|root cause analysis|test case execution|cross team communication|process documentation|vendor ticket escalation,rpa tool implementation|cloud database experience|iso 20022 translation|power bi dashboards,critical thinking|negotiation|mentorship|adaptability|conflict resolution
senior_payments_systems_analyst,Senior Payments Systems Analyst,Banking,Senior,payment infrastructure oversight|incident lifecycle management|regulatory strategy definition|strategic documentation governance|enterprise database architecture|system integration planning,budget resource allocation|executive presentation skills|audit preparation leadership|legacy system modernization|performance tuning|disaster recovery planning|market trend analysis,ai/ml fraud prevention|global payment expansion|fintech partnership strategy|security penetration testing,strategic vision|decisive leadership|emotional intelligence|influencing stakeholders|innovative problem solving
junior_loan_servicing_coordinator,Junior Loan Servicing Coordinator,Banking,Junior,payment processing|account maintenance|compliance fundamentals|internal systems,microsoft outlook|excel spreadsheets|customer database access|filing systems|phone etiquette|incident reporting|shift coordination,insurance codes|mortgage terminology|branch support|batch processing,dependability|listening skills|politeness|punctuality
loan_servicing_coordinator,Loan Servicing Coordinator,Banking,Mid,payment processing|account maintenance|compliance fundamentals|internal systems|process optimization|customer conflict resolution,pivot table analysis|email campaigns|loan deferral setup|escrow review|compliance checklists|interdepartmental communications|ticketing systems,jira ticketing|confluence docs|salesforce reports|sap access,coaching juniors|prioritization|emotional regulation|negotiation tactics
senior_loan_servicing_coordinator,Senior Loan Servicing Coordinator,Banking,Senior,payment processing|account maintenance|compliance fundamentals|internal systems|process optimization|enterprise strategizing,capital allocation|regulatory liaison|kpi monitoring|vendor negotiation|risk frameworks|talent retention|succession planning,industry conference speaking|merger integration|predictive analytics|board reporting,visionary thinking|executive presence|crisis decision making|cross sector networking
junior_bank_fraud_examiner,Junior Bank Fraud Examiner,Banking,Junior,transaction monitoring|basic regulatory compliance|microsoft excel|case documentation|attention to detail|initial screening,sql basics|aml awareness|risk flagging|data verification|report drafting|peer communication,tableau beginner|basic python|language proficiency|audit shadowing|caseware,active listening|empathy|organizational skills|punctuality|openness to feedback
bank_fraud_examiner,Bank Fraud Examiner,Banking,Mid,fraud investigation|bsa aml compliance|sql query optimization|evidence gathering|case management|risk assessment,pattern recognition|stakeholder communication|process improvement|regulatory reporting|technology utilization|file management|quality assurance,advanced analytics|forensic accounting|legal interaction|project coordination|cfe certification,critical thinking|decisiveness|confidentiality|independence|professionalism
senior_bank_fraud_examiner,Senior Bank Fraud Examiner,Banking,Senior,fraud strategy|program oversight|policy development|team leadership|regulatory liaison|budget management,predictive modeling|executive reporting|vendor management|crisis intervention|change management|resource allocation|cross department alignment,ai integration|public relations|advanced statistics|thought leadership|global standards,mentoring|influence|strategic vision|conflict resolution|high level negotiation
junior_front_desk_agent,Junior Front Desk Agent,Hospitality,Junior,guest greetings|pms operation|payment verification|booking accuracy,telephone etiquette|brand awareness|cleanliness maintenance|timekeeping|data privacy compliance|basic safety protocols,multilingual skills|first aid certified|social media presence|event planning support|photography,patience|friendliness|punctuality|reliability|emotional stability
front_desk_agent,Front Desk Agent,Hospitality,Mid,guest greetings|pms operation|payment verification|booking accuracy|upsell proficiency,revenue reporting|cross-departmental coordination|shift management support|guest retention tactics|advanced software features|vendor relations,sales forecasting|language certification|public speaking|project management|cybersecurity training,empathy|decisive action|coaching readiness|negotiation skills|stress tolerance
senior_front_desk_agent,Senior Front Desk Agent,Hospitality,Senior,guest greetings|pms operation|payment verification|booking accuracy|upsell proficiency|team leadership,operational audits|budget forecasting|hr scheduling|policy development|crisis management|performance metrics analysis,strategic planning|change management|succession planning|legal compliance advisory|digital transformation literacy,mentorship|conflict resolution leadership|visionary thinking|delegation trust|cultural sensitivity
junior_concierge,Junior Concierge,Hospitality,Junior,telephone etiquette|front desk operations|guest request logging|basic safety protocols,email correspondence|cash handling|daily shift reporting|task prioritization|interdepartmental communication,second language fluency|social media monitoring|event ticket coordination,patience|enthusiasm|attention to detail
concierge,Concierge,Hospitality,Mid,telephone etiquette|front desk operations|guest request logging|basic safety protocols|reservation system access,complaint resolution|vendor relationship management|travel itinerary planning|multi-channel communication|upselling techniques|data privacy compliance,partnership negotiation|specialized tour booking|cultural sensitivity training,assertiveness|adaptability|conflict resolution
senior_concierge,Senior Concierge,Hospitality,Senior,telephone etiquette|front desk operations|guest request logging|basic safety protocols|reservation system access|staff supervision,budget management|service protocol design|kpi analysis|training programs|stakeholder management|crisis management,crm implementation|sustainability initiatives|community relations,leadership|decision making|emotional intelligence
junior_room_attendant,Junior Room Attendant,Hospitality,Junior,room cleaning|bed making|bathroom sanitation|supply restocking|safety compliance|waste disposal,checklist adherence|time management|room inspection|uniform maintenance|luggage handling|noise awareness|customer greeting,laundry knowledge|pos system access|eco-friendly products|maintenance reporting|language skills,reliability|attention to detail|physical stamina|respectful tone|peer cooperation
room_attendant,Room Attendant,Hospitality,Mid,room cleaning|bed making|bathroom sanitation|supply restocking|safety compliance|guest relations,incident reporting|vip handling|inventory control|deep cleaning protocols|shift coordination|time allocation|equipment care,loss prevention|cash handling|specialized linens|pest control spotting|internal promotion path,problem solving|adaptability|conflict resolution|trustworthiness|mentorship readiness
senior_room_attendant,Senior Room Attendant,Hospitality,Senior,room cleaning|bed making|bathroom sanitation|supply restocking|safety compliance|staff supervision,schedule planning|cost reduction strategies|quality audits|vendor coordination|policy enforcement|performance review input|workflow optimization,cross-department liaison|crisis management|hiring support|curriculum design|budget forecasting,decisive leadership|emotional intelligence|coaching ability|strategic thinking|accountability
senior_executive_chef,Senior Executive Chef,Hospitality,Senior,financial management|menu engineering|food safety compliance|team leadership|supplier negotiation|operational oversight,budget forecasting|inventory control systems|staff recruitment|quality assurance|cost reduction strategies|health regulation adherence|vendor management|marketing alignment,sustainability certification|media appearances|special diet specialization|award applications|franchise development,strategic decision making|conflict resolution|emotional resilience|mentorship capability|cross-functional communication
junior_revenue_manager,Junior Revenue Manager,Hospitality,Junior,excel spreadsheet management|daily rate monitoring|inventory availability updates|reservation system data entry,market research basics|competitor rate scanning|client communication|gds navigation|seasonal demand assessment|administrative support|internal meetings attendance,sql basics|python for automation|digital marketing awareness|presentation design|industry certification prep,attention to detail|time management|teamwork|receptiveness to feedback
revenue_manager,Revenue Manager,Hospitality,Mid,excel spreadsheet management|daily rate monitoring|inventory availability updates|reservation system data entry|demand forecasting|pricing strategy execution,channel mix management|budget preparation|stakeholder presentations|data visualization|contract negotiation|staff supervision|market trend analysis|forecast accuracy review,machine learning tools|predictive analytics platforms|custom dashboard creation|seo principles|travel tech integration,problem solving|adaptability|collaborative leadership|communication clarity|decision making under pressure
senior_revenue_manager,Senior Revenue Manager,Hospitality,Senior,excel spreadsheet management|daily rate monitoring|inventory availability updates|reservation system data entry|strategic revenue planning|team leadership,change management|complex negotiation|mentorship|multi-property oversight|business intelligence integration|operational efficiency|brand alignment|vendor relations,predictive analytics|global travel trends|consulting expertise|ai implementation|cross-border compliance,leadership|decision making|conflict resolution|vision setting|stakeholder influence
junior_banquet_manager,Junior Banquet Manager,Hospitality,Junior,health and safety compliance|guest service standards|inventory management|event setup procedures|point of sale usage|shift coordination assistance,menu knowledge|basic communication|timeline adherence|equipment handling|cleanliness maintenance|reporting assistance|problem escalation|teamwork,multilingual abilities|basic wine pairing|av equipment familiarity|floral arrangement awareness|social media promotion,reliability|punctuality|enthusiasm|active listening|stress resilience
banquet_manager,Banquet Manager,Hospitality,Mid,health and safety compliance|guest service standards|inventory management|shift coordination assistance|budget forecasting|contract negotiation,staff supervision|upselling techniques|quality assurance checks|event billing|vendor relations|training delivery|crisis intervention|facility inspections,sustainable sourcing practices|luxury brand partnerships|catering software integration|award submissions|private chef liaison,leadership|conflict resolution|decision making|mentorship|emotional intelligence
senior_banquet_manager,Senior Banquet Manager,Hospitality,Senior,health and safety compliance|guest service standards|inventory management|shift coordination assistance|strategic planning|financial architecture,revenue management|multi-site coordination|policy creation|risk mitigation|executive presentation|stakeholder engagement|technology adoption|performance auditing,mergers and acquisitions|public speaking expertise|consulting advisory|regulatory lobbying|proprietary tech development,visionary leadership|negotiation|change management|cultural diplomacy|strategic thinking
junior_guest_relations_manager,Junior Guest Relations Manager,Hospitality,Junior,guest interaction|booking administration|complaint logging|crm usage|safety protocol adherence|loyalty program basics,shift scheduling|telephone etiquette|internal communication|local area knowledge|data accuracy|hygiene standards|equipment maintenance|basic reporting,social media management|photography skills|foreign language proficiency|menu familiarity|event coordination,empathy|patience|active listening|positivity|teamwork
guest_relations_manager,Guest Relations Manager,Hospitality,Mid,guest interaction|booking management|dispute resolution|crm administration|staff scheduling|safety oversight,budget management|vendor relations|quality auditing|team mentoring|feedback analysis|policy enforcement|cross-department collaboration|emergency planning,revenue forecasting|contract negotiation|tech integration|compliance training|marketing support,leadership|decision making|communication|accountability|conflict mediation
senior_guest_relations_manager,Senior Guest Relations Manager,Hospitality,Senior,guest interaction|booking strategy|dispute resolution|crm architecture|leadership management|safety compliance,kpi development|industry trend analysis|brand positioning|talent acquisition|stakeholder relations|digital transformation|fiscal planning|regulatory governance,public speaking|award submissions|sustainability initiatives|franchise consulting|global strategy,strategic thinking|emotional intelligence|vision casting|resilience|mentorship
junior_restaurant_manager,Junior Restaurant Manager,Hospitality,Junior,pos system usage|food safety compliance|cash reconciliation|inventory tracking|shift coordination|guest service delivery,menu knowledge|waste management|customer feedback|vendor communication|up-selling|cleanliness standards|opening closing procedures,social media posting|basic accounting|event hosting|allergy alerts|reservation system,patience|clear communication|adaptability|teamwork|time management
restaurant_manager,Restaurant Manager,Hospitality,Mid,pos system usage|food safety compliance|cash reconciliation|inventory tracking|shift coordination|performance reviews,hiring process|training programs|cost control analysis|conflict resolution|quality assurance|supplier contracts|marketing execution|data reporting,menu engineering|community relations|employee retention|digital signage|health inspection prep,leadership|decision making|emotional intelligence|coaching|resilience
senior_restaurant_manager,Senior Restaurant Manager,Hospitality,Senior,pos system usage|food safety compliance|p&l management|inventory tracking|shift coordination|culture building,capital investment|multi-unit oversight|executive recruitment|brand standards|risk management|stakeholder relations|technology roadmap|succession planning,franchise consulting|public speaking|investor relations|culinary innovation|global expansion,visionary thinking|diplomacy|change management|mentorship|negotiation
activities_director,Activities Director,Hospitality,Mid,activity program development|staff scheduling and supervision|budget tracking|guest satisfaction management|vendor coordination,inventory management|risk assessment|customer service standards|marketing support|digital booking tools|reporting and analytics|emergency response protocols|event logistics,multilingual communication|creative design software|specialized sport coaching|music production knowledge|grant writing,adaptability|conflict resolution|emotional intelligence|clear communication|teamwork
senior_activities_director,Senior Activities Director,Hospitality,Senior,activity program development|staff scheduling and supervision|budget tracking|guest satisfaction management|vendor coordination|strategic operations planning,data-driven decision making|cross-departmental collaboration|talent acquisition|market analysis|operational efficiency|resource allocation|stakeholder engagement|performance metrics monitoring,sustainability initiatives|brand identity alignment|community outreach partnerships|proprietary software integration|cultural event curation,visionary leadership|persuasive negotiation|resilience|strategic thinking|mentorship
food_and_beverage_director,Food and Beverage Director,Hospitality,Mid,operations management|cost control|inventory management|staff supervision|health and safety compliance,menu planning|vendor relationship management|guest satisfaction monitoring|pos system proficiency|marketing coordination|conflict resolution|procurement processes|training program implementation,sommelier certification|event planning expertise|sustainability initiatives|culinary arts background|multi-language fluency,communication|leadership|adaptability|problem solving|time management
senior_food_and_beverage_director,Senior Food and Beverage Director,Hospitality,Senior,operations management|cost control|inventory management|staff supervision|health and safety compliance|strategic planning,revenue management strategy|talent acquisition strategy|crisis management|supplier contract negotiation|digital transformation|cross-departmental collaboration|regulatory compliance auditing|market analysis,franchise management|sustainable sourcing expertise|corporate real estate involvement|investor relations|international expansion,visionary thinking|stakeholder management|emotional intelligence|decision making under pressure|mentorship
junior_spa_therapist,Junior Spa Therapist,Hospitality,Junior,cleaning standards|basic massage techniques|client intake|safety protocols,customer interaction|equipment handling|hydration checks|relaxation techniques|privacy confidentiality|schedule adherence|product usage basic|waste management,retail recommendations|aromatherapy basics|first aid basic|multilingual basic|specific modality learning,empathy|patience|active listening|reliability|neatness
spa_therapist,Spa Therapist,Hospitality,Mid,cleaning standards|basic massage techniques|client intake|safety protocols|personalized treatment plans,client retention strategies|complaint resolution|inventory optimization|advanced skin analysis|cross training support|revenue tracking|vendor relations|wellness programming,hot stone certification|medical aesthetics|hydrotherapy|event coordination,leadership readiness|conflict management|emotional regulation|proactive problem solving|team collaboration
senior_spa_therapist,Senior Spa Therapist,Hospitality,Senior,cleaning standards|basic massage techniques|client intake|safety protocols|personalized treatment plans|operational leadership,staff mentorship|quality control systems|marketing integration|budget management|strategic planning|policy development|industry networking|retention analytics,spa architecture input|certification instruction|luxury brand expertise,visionary leadership|negotiation skills|cultural sensitivity|decision autonomy|change management
junior_event_planner,Junior Event Planner,Hospitality,Junior,venue coordination|vendor communication|room block management|on-site logistics,microsoft excel proficiency|scheduling software usage|email communication|basic pricing research|inventory logging|client intake support,first aid certification|basic graphic design|multilingual ability|live event streaming help,attention to detail|willingness to learn|reliability|adaptability
event_planner,Event Planner,Hospitality,Mid,venue coordination|vendor communication|room block management|on-site logistics|contract negotiation,project management tools|stakeholder reporting|budget variance analysis|catering menu planning|risk assessment|marketing coordination|post-event survey management,sustainability certification|vip concierge knowledge|livestream production oversight|crisis simulation training,conflict resolution|team leadership|client relationship building|problem solving
senior_event_planner,Senior Event Planner,Hospitality,Senior,venue coordination|vendor communication|room block management|on-site logistics|contract negotiation|event design architecture,p&l ownership|global compliance standards|vendor master list management|strategic partnerships|innovation adoption|mentorship delivery|market trend analysis,ai tool implementation|international trade law knowledge|public speaking engagements|thought leadership publishing,executive presence|visionary thinking|decision making under pressure|mentorship
senior_hotel_general_manager,Senior Hotel General Manager,Hospitality,Senior,profit and loss management|operational excellence|strategic planning|financial forecasting|regulatory compliance|stakeholder relations,revenue management|staff development|quality assurance|brand compliance|risk management|budget administration|crisis response|supplier negotiations,sustainability certification|digital transformation strategy|cultural diversity training|community engagement|data analytics proficiency,emotional intelligence|effective communication|decisive leadership|conflict resolution|team motivation
junior_night_auditor,Junior Night Auditor,Hospitality,Junior,data entry|pms operation|cash balancing|nightly auditing|shift handoff|guest interaction,phone etiquette|emergency protocols|security clearance|attention to detail|local area knowledge|basic accounting|time management|compliance reading,second language|upselling methods|housekeeping sync|valet dispatch|event ticketing,reliability|patience|honesty|adaptability|teamwork
night_auditor,Night Auditor,Hospitality,Mid,data entry|pms operation|cash balancing|nightly auditing|guest interaction|financial reconciliation,variance reporting|conflict resolution|staff supervision|inventory control|billing disputes|risk assessment|vendor communication|internal control,multilingual fluency|digital marketing|loyalty program admin|spa coordinating|transport arrangement,leadership|problem solving|negotiation|delegation|communication
senior_night_auditor,Senior Night Auditor,Hospitality,Senior,data entry|pms operation|cash balancing|nightly auditing|guest interaction|operational strategy,budget planning|policy design|performance analysis|hr compliance|stakeholder management|technology integrations|quality control|audit optimization,franchise consulting|community outreach|executive reporting|sustainability initiatives|crisis management,strategic vision|mentorship|accountability|influence|cultural awareness
junior_sommelier,Junior Sommelier,Hospitality,Junior,pour wine service|label reading|hygiene standards|following serving etiquette,glassware cleaning|point of sale usage|answering guest questions|restocking supplies|observe safety protocols|store temperature control|assist senior staff,regional history|simple menu updates|loyalty programs|assist in tastings,attentiveness|patience|teamwork|reliability|clear communication
sommelier,Sommelier,Hospitality,Mid,pour wine service|label reading|hygiene standards|following serving etiquette|inventory auditing,vendor communication|writing tasting notes|cost analysis|staff wine training|organizing events|cellar rotation|managing stock levels|enforcing corkage policies,import logistics|sustainability certification|niche market identification|digital wine cataloging|social media promotion,negotiation|mentoring junior staff|adaptability|stress management|client relationship building
senior_sommelier,Senior Sommelier,Hospitality,Senior,pour wine service|label reading|hygiene standards|following serving etiquette|inventory auditing|beverage p&l management,procurement strategy|brand development|marketing initiatives|profit margin optimization|staff curriculum design|industry networking|risk management|data analytics,auction participation|winery investments|consultancy projects|proprietary blending|public speaking,strategic vision|executive presence|conflict resolution|mentorship|visionary leadership
junior_account_executive,Junior Account Executive,Advertising Services,Junior,crm software proficiency|sales pipeline management|client communication|email outreach|ad platform basics|lead generation,market research|proposal drafting|social media advertising basics|budget tracking|time management|follow-up scheduling|compliance awareness|internal coordination,google analytics basics|seo fundamentals|industry certification|networking events|competitor analysis,active listening|adaptability|enthusiasm|reliability|teamwork
account_executive,Account Executive,Advertising Services,Mid,crm software proficiency|sales pipeline management|client communication|email outreach|contract negotiation|upselling,campaign strategy|budget oversight|cross-functional collaboration|relationship retention|objection handling|competitive intelligence|performance reporting|account planning,public speaking|content creation|partner management|advanced analytics|certification training,negotiation confidence|proactive mindset|problem solving|leadership potential|empathy
senior_account_executive,Senior Account Executive,Advertising Services,Senior,crm software proficiency|sales pipeline management|client communication|contract negotiation|upselling|revenue forecasting,strategic partnerships|financial modeling|executive presentation|market expansion|sales architecture|talent development|crisis management|business planning,thought leadership|board advisory|international markets|proprietary tools|coaching certifications,visionary thinking|diplomatic leadership|conflict resolution|accountability|coaching ability
junior_account_manager,Junior Account Manager,Advertising Services,Junior,client communication|crm software|meeting logistics|content filing|social media basics|internal emails,time management|basic reporting|email etiquette|calendar maintenance|file organization|quick research|following instructions,canva usage|excel formulas|seo knowledge|transcription tools|basic photography,eagerness to learn|reliability|active listening|flexibility|positive attitude
account_manager,Account Manager,Advertising Services,Mid,client communication|account strategy|campaign production|budget oversight|analytics review|stakeholder meetings,project timelines|vendor management|contract renewal|presentation decks|upselling tactics|problem resolution|team collaboration,power bi|python scripting|google cloud platform|marketing automation|certification programs,problem solving|professional confidence|negotiation skills|conflict handling|clear articulation
senior_account_manager,Senior Account Manager,Advertising Services,Senior,client communication|revenue strategy|portfolio leadership|crisis management|talent guidance|industry partnerships,organizational foresight|resource allocation|risk mitigation|market expansion|executive negotiation|innovation oversight|performance reviews,global travel coordination|m&a advisory|public speaking|board governance|proprietary algorithms,strategic vision|emotional intelligence|decisive leadership|influence|mentorship mindset
senior_account_director,Senior Account Director,Advertising Services,Senior,strategic account planning|p&l management|client relationship stewardship|new business acquisition|media budget allocation|brand strategy alignment,campaign lifecycle management|stakeholder management|negotiation tactics|cross-department collaboration|performance metrics analysis|vendor partnerships|crisis management|compliance adherence,predictive analytics platforms|immersive advertising formats|regulatory compliance|global cultural localization|sustainable marketing practices,decisive leadership|verbal persuasion|emotional intelligence|resilience|collaborative mindset
junior_art_director,Junior Art Director,Advertising Services,Junior,design principles|adobe creative cloud|asset production|visual hierarchy,responsive layouts|stock imagery sourcing|color theory|proofreading|version control|social media formats|print specs,motion graphics|basic coding|3d visualization|photography shooting,receptive to feedback|attention to detail|team player|organized|curious
art_director,Art Director,Advertising Services,Mid,design principles|adobe creative cloud|asset production|visual hierarchy|campaign briefing,creative storytelling|vendor negotiation|timeline management|pitch decks|user experience basics|digital marketing integration|performance metrics analysis,generative ai prompting|virtual environment design|seo content alignment|live event coordination,active listening|delegation|conflict mediation|public speaking|mentorship
senior_art_director,Senior Art Director,Advertising Services,Senior,design principles|adobe creative cloud|asset production|visual hierarchy|campaign briefing|brand strategy,organizational culture building|budget forecasting|c-suite communication|innovation roadmapping|industry trend analysis|partnership development|crisis management,metaverse implementation|ai system architecture|global market expansion|ip licensing,visionary leadership|stakeholder influence|ethical decision making|adaptability|resilience
junior_copywriter,Junior Copywriter,Advertising Services,Junior,brand voice consistency|brief adherence|grammar correctness|message clarity,cms proficiency|seo integration|social media adaptation|deadline management|email standard copy|proofreading process|basic analytics reading,ai prompt utilization|visual basic layout|internal communication tools|industry news feeds|qa checklists,receptive attitude|detail orientation|written engagement|dependability|team interaction
copywriter,Copywriter,Advertising Services,Mid,brand voice consistency|brief adherence|grammar correctness|message clarity|conversion optimization|client relations,ab testing knowledge|content calendar oversight|cross channel synergy|project coordination|performance reporting|market research|automation tools usage,paid search keyword context|video outline creation|landing page conversion|user personas building|platform algorithm updates,self direction|collaborative sync|time priority|adaptability|feedback loops
senior_copywriter,Senior Copywriter,Advertising Services,Senior,brand voice consistency|brief adherence|grammar correctness|message clarity|strategic planning|creative leadership,budget overhead|vendor coordination|workflow architecture|data strategy|risk mitigation|innovation driving|stakeholder mastery,public industry speaking|global expansion lingo|contract negotiation input|mentor program design|kpi framework creation,visionary guidance|conflict resolution|executive communication|decisive action|culture shaping
senior_creative_director,Senior Creative Director,Advertising Services,Senior,creative strategy development|art direction and concept execution|creative team leadership|brand identity management|client relationship management|production workflow oversight,multichannel campaign management|marketing mix optimization|vendor and agency coordination|creative brief interpretation|performance metrics analysis|digital content standards|resource allocation planning|quality assurance processes,emerging technology adoption|ai driven creative workflows|experiential marketing design|global localization strategies|intellectual property negotiation,strategic communication|emotional intelligence|executive presence|conflict resolution|mentorship and coaching
creative_supervisor,Creative Supervisor,Advertising Services,Mid,team leadership|creative direction|campaign delivery|quality control|client communication,timeline management|brand consistency|art review|copy editing|asset production|workshop facilitation|data monitoring|style guide adherence,ai tool familiarity|video editing basics|seo content awareness|local market adaptation,conflict resolution|adaptability|empathy|verbal communication|attention to detail
senior_creative_supervisor,Senior Creative Supervisor,Advertising Services,Senior,team leadership|creative direction|campaign delivery|quality control|client communication|strategic planning,resource allocation|budget management|vendor relations|process improvement|performance analytics|risk assessment|mentorship program design|cross-department alignment,global campaign architecture|innovation lab management|ip litigation oversight|p&l responsibility,executive presence|negotiation skills|organizational influence|strategic thinking|change management
junior_brand_strategist,Junior Brand Strategist,Advertising Services,Junior,market research|consumer insights|competitor analysis|brand voice|presentation skills|content scheduling,adobe creative cloud|social media platforms|keyword research|email marketing|data visualization|timeline management|client correspondence,seo optimization|motion graphics|crm systems|google analytics certification,curiosity|attention to detail|teamwork|punctuality|open communication
brand_strategist,Brand Strategist,Advertising Services,Mid,market research|consumer insights|competitor analysis|brand voice|strategic planning|campaign management,budget allocation|channel strategy|performance analysis|vendor relationships|workshop facilitation|copy direction|trend forecasting,ai tool integration|sustainability standards|video editing|audience segmentation tools|sales enablement materials,collaboration|critical thinking|problem solving|negotiation|mentoring juniors
senior_brand_strategist,Senior Brand Strategist,Advertising Services,Senior,market research|consumer insights|competitor analysis|brand voice|leadership|business strategy,brand architecture|org development|c-suite engagement|financial forecasting|innovation pipeline|global scaling|risk management,thought leadership|venture partnerships|media buying oversight|regulatory compliance strategy|public speaking engagements,vision|emotional intelligence|conflict resolution|strategic decision making|influence
junior_digital_strategist,Junior Digital Strategist,Advertising Services,Junior,digital marketing principles|social platform management|basic reporting|content scheduling|ad copy creation|keyword research,google analytics basics|social listening|email newsletters|crm systems|microsoft excel|project management tools|customer segmentation|competitor monitoring,video editing|basic html/css|motion graphics|influencer outreach|ai content generation,attention to detail|eagerness to learn|active listening|time management|adaptability
digital_strategist,Digital Strategist,Advertising Services,Mid,digital marketing principles|social platform management|multi-channel strategy|paid media planning|performance optimization|client relationship management,google analytics certified|seo best practices|conversion rate optimization|audience targeting|campaign testing|marketing automation|budget allocation|workflow management,advanced sql|python scripting|programmatic advertising|mobile app tracking|predictive modeling,problem solving|cross-functional collaboration|clear communication|conflict resolution|mentorship
senior_digital_strategist,Senior Digital Strategist,Advertising Services,Senior,digital marketing principles|multi-channel strategy|enterprise strategy|team leadership|budget governance|digital ecosystem design,performance optimization|market analysis|seo strategy|c-suite communication|innovation management|industry trends forecasting|legacy system migration|crisis management,global market expansion|proprietary algorithm training|public speaking|thought leadership|regulatory compliance advocacy,strategic vision|executive influence|resilience|decision making under pressure|talent development
junior_media_planner,Junior Media Planner,Advertising Services,Junior,excel proficiency|media channel basics|ad trafficking|data accuracy|deadline submission|basic email comms,google analytics|social media management|budget logging|market research|slide deck creation|team coordination|kpi monitoring,cms familiarity|seo basics|trello usage|visual design,receptivity|patience|organization|curiosity|supportiveness
media_planner,Media Planner,Advertising Services,Mid,excel proficiency|media planning|campaign optimization|budget tracking|vendor communication|stakeholder reporting,advanced analytics|cross-channel strategy|audience segmentation|creative alignment|client presentations|competitive analysis|forecasting,programmatic platforms|influencer outreach|a/b testing|coding scripts,initiative|accountability|problem solving|negotiation|clarity
senior_media_planner,Senior Media Planner,Advertising Services,Senior,excel proficiency|omnichannel strategy|campaign architecture|financial forecasting|executive vendor relations|strategic reporting,ai application|data modeling|technology stacks|industry thought leadership|workflow automation|global markets|risk management,custom api integration|partnership deals|conference speaking|white paper authorship,vision|influence|crisis management|empathy|authority
junior_media_buyer,Junior Media Buyer,Advertising Services,Junior,campaign monitoring|basic ad upload|raw data compilation|platform compliance checks|schedule management|asset file verification,excel formulas|google ads interface|facebook ads manager|email correspondence|keyword tracking|audience segmentation basics|performance metrics reading|weekly report generation,canva design|simple video trimming|code snippets review|seo concepts|mobile app tracking ids,curiosity|punctuality|clear communication|receptiveness to feedback|organizational skills
media_buyer,Media Buyer,Advertising Services,Mid,bid management|optimization techniques|budget allocation|conversion tracking|client presentation|strategic adjustments,sql queries|data visualization tools|multi-channel attribution|creative briefs|vendor coordination|market research|forecast modeling|stakeholder management,programmatic buying|script automation|influencer outreach|cta copywriting|loyalty program integration,analytical mindset|collaborative spirit|proactive problem solving|time prioritization|professional demeanor
senior_media_buyer,Senior Media Buyer,Advertising Services,Senior,strategic roadmap planning|team supervision|total media mix architecture|fiscal accountability|high-level roi analysis|risk mitigation,executive negotiations|martech stack implementation|predictive modeling|cross-functional leadership|industry benchmarking|crisis management|talent mentoring|brand alignment,proprietary algorithm usage|international regulatory compliance|venture capital pitching|api integrations|custom dashboard creation,visionary leadership|decisive action|diplomatic communication|emotional intelligence|strategic foresight
junior_producer,Junior Producer,Advertising Services,Junior,campaign logistics|asset file management|schedule tracking|bid coordination,creative support|internal status updates|deadline tracking|software onboarding|research assembly|meeting minute taking|quality check prep,basic video editing|social media scheduling|copy proofreading,attention to detail|reliability|eagerness to learn|polite communication|adaptability
producer,Producer,Advertising Services,Mid,campaign logistics|asset file management|schedule tracking|bid coordination|vendor liaison|quality control standards,timeline execution|stakeholder reports|resource booking|budget variance tracking|content review processes|production troubleshooting|agency protocol compliance|data entry accuracy,motion graphics knowledge|ads management dashboards|contract clause review,conflict resolution|proactive communication|time prioritization|mentorship readiness|stress resilience
senior_producer,Senior Producer,Advertising Services,Senior,campaign logistics|asset file management|schedule tracking|bid coordination|vendor liaison|strategic resource planning,financial governance|high level reporting|talent acquisition|crisis architecture|market analysis|partnership development|innovation adoption|legacy system migration,ai workflow integration|global campaign expertise|ip development,executive presence|visionary leadership|decisive judgment|emotional intelligence|cultural influence
junior_project_manager,Junior Project Manager,Advertising Services,Junior,task tracking|creative deadline management|file asset organization|status reporting|internal communication,ad platform basics|vendor logging|qa checklists|agile methodologies|calendar scheduling|feedback collection|software utilization,design tool basic|excel basic|client email templates|social media monitoring,attention to detail|active listening|adaptability|reliability|clear writing
project_manager,Project Manager,Advertising Services,Mid,task tracking|creative deadline management|budget tracking|client communication|workflow optimization|risk identification,multi channel campaigns|agency workflows|resource allocation|performance reporting|change management|contract review|stakeholder updating|process documentation,automation tools|predictive analytics|seo knowledge|mentorship training|compliance checks,conflict resolution|decision making|assertive communication|coaching juniors|negotiation
senior_project_manager,Senior Project Manager,Advertising Services,Senior,task tracking|creative deadline management|budget tracking|workflow optimization|financial governance|organizational change,portfolio management|market positioning|business development|talent retention|industry insights|vendor strategic partnerships|innovation implementation|public representation,thought leadership|ai integration|global market expansion|regulatory advocacy|speaking engagements,visionary thinking|diplomacy|culture building|resilience|inspiring influence
junior_graphic_designer,Junior Graphic Designer,Advertising Services,Junior,adobe photoshop|adobe illustrator|layout design|typography basics|file export standards,brand guideline adherence|deadline management|feedback integration|version control usage|basic copy editing|presentation software,motion graphics basics|video editing|html css basics|ai image generation,attention to detail|receptiveness to feedback|willingness to learn|collaboration
graphic_designer,Graphic Designer,Advertising Services,Mid,adobe photoshop|adobe illustrator|layout design|typography basics|campaign conceptualization|client communication,adobe after effects|analytics interpretation|cross-functional collaboration|marketing strategy awareness|project estimation|vendor coordination|quality assurance checks,ui/ux principles|3d modeling|animation|seo optimization,problem solving|adaptability|team communication|initiative
senior_graphic_designer,Senior Graphic Designer,Advertising Services,Senior,adobe photoshop|adobe illustrator|layout design|typography basics|campaign conceptualization|creative direction,brand architecture|design strategy|team leadership|stakeholder management|budget oversight|process improvement|industry trend forecasting,generative ai implementation|business development|public speaking|user research,strategic thinking|conflict resolution|visionary leadership|emotional intelligence
junior_social_media_manager,Junior Social Media Manager,Advertising Services,Junior,content production|platform management|scheduling|comment monitoring,graphic design|hashtag research|brand tone check|trending topics|inbox triage|content calendars|competitor watch|basic reporting,basic video editing|ai text tools|seo keywords|social listing setup|podcast sharing,reliability|attention to detail|written communication|teamwork|time management
social_media_manager,Social Media Manager,Advertising Services,Mid,content production|platform management|scheduling|comment monitoring|campaign management,audience segmentation|a b testing|workflow tools|influencer relations|paid boosting|analytics deep dive|crisis protocol|stakeholder updates,motion graphics|live streaming|api integration|contract drafting|webinar hosting,problem solving|collaboration|adaptability|proactive communication|self motivation
senior_social_media_manager,Senior Social Media Manager,Advertising Services,Senior,content production|platform management|scheduling|comment monitoring|campaign management|strategic leadership,resource planning|vendor negotiation|tech selection|roi modeling|reputation mgmt|executive communications|market positioning|compliance audit,board presentations|mktg technology architecture|global culture insights|legal review|venture partnerships,leadership|negotiation|strategic thinking|conflict resolution|vision setting
junior_seo_specialist,Junior SEO Specialist,Advertising Services,Junior,basic keyword research|on-page optimization|google analytics setup|content publishing via cms|error log monitoring|weekly report compilation,html/css basics|competitor analysis|content drafting|basic link building|social media tags|documentation maintenance,wordpress plugin configuration|schema markup introduction|image compression|ad copy correlation|email newsletter seo,attention to detail|willingness to learn|written communication|deadline adherence|team collaboration
seo_specialist,SEO Specialist,Advertising Services,Mid,technical seo audits|advanced keyword strategy|backlink profile management|conversion rate optimization|campaign integration|analytics data interpretation,seo tool suite proficiency|project management|competitor benchmarking|content editorial calendar|mobile-first indexing check|client communication,local seo mapping|api data extraction|javascript rendering troubleshooting|video metadata optimization|multi-language seo basics,problem solving|stakeholder management|adaptability|presentation skills|analytical thinking
senior_seo_specialist,Senior SEO Specialist,Advertising Services,Senior,seo ecosystem architecture|high-level strategic planning|technical audit oversight|budget forecasting|executive performance reporting|algorithm update governance,international seo scaling|programmatic seo development|attribution modeling|cross-functional leadership|seo automation scripting|vendor management,machine learning seo application|brand reputation crisis handling|enterprise cms migration support|predictive traffic analytics|public relations alignment,strategic vision|negotiation tactics|mentorship and coaching|crisis management|executive influence
senior_managing_director,Senior Managing Director,Advertising Services,Senior,strategic planning|p&l management|client portfolio management|business development|organizational leadership|performance oversight,stakeholder management|budget forecasting|team mentorship|vendor negotiation|data analytics interpretation|project governance|risk assessment,ai technology integration|sustainability initiatives|global market expansion|ipo preparation experience|public relations management,crisis management|emotional intelligence|decisive leadership|cross-cultural communication|visionary persuasion
senior_partner,Senior Partner,Advertising Services,Senior,business development|p&l management|strategic planning|client relationship management|partnership negotiation|brand strategy,digital marketing expertise|team leadership|account management|budget allocation|campaign performance analysis|vendor management|market research,ai integration strategies|sustainability consulting|international expansion|creative direction oversight,leadership communication|emotional intelligence|decision making under pressure|cross-functional collaboration
junior_production_operator,Junior Production Operator,Pharmaceutical Manufacturing,Junior,gmp compliance|safety protocols|accurate documentation|basic machine operation,visual inspection|material handling|cleaning procedures|log book maintenance|basic troubleshooting|waste segregation,excel basics|barcode scanning systems|shift flexibility|specific pump familiarity|language proficiency,attention to detail|team collaboration|receptiveness to feedback|punctuality|problem solving
production_operator,Production Operator,Pharmaceutical Manufacturing,Mid,gmp compliance|safety protocols|accurate documentation|basic machine operation|process monitoring|deviation management,root cause analysis initiation|maintenance coordination|environmental monitoring|sop enforcement|inventory control|batch record review,lean manufacturing principles|six sigma fundamentals|vendor qualification support|data visualization tools|multilingual capabilities,conflict resolution|cross-functional communication|initiative|adaptability|time management
senior_production_operator,Senior Production Operator,Pharmaceutical Manufacturing,Senior,gmp compliance|safety protocols|accurate documentation|basic machine operation|process optimization|audit leadership,risk assessment modeling|automation integration planning|workforce scheduling|budget allocation|supplier relationship management|incident investigation closure,industry certification holding|emerging tech evaluation|patent application support|public speaking|strategic partnership negotiation,strategic vision|emotional intelligence|decision making under pressure|mentoring junior staff|stakeholder management
junior_process_engineer,Junior Process Engineer,Pharmaceutical Manufacturing,Junior,current good manufacturing practices|standard operating procedures|data entry accuracy|safety protocol adherence|equipment operation basics|batch record documentation,change control support|deviation logging|basic statistics|quality system support|maintenance coordination|training completion|cleaning verification,lean six sigma green belt|basic sql queries|automation interface familiarity|regulatory document formatting|laboratory instrumentation basics,attention to detail|clear communication|teamwork|punctuality|openness to feedback
process_engineer,Process Engineer,Pharmaceutical Manufacturing,Mid,current good manufacturing practices|standard operating procedures|process optimization|validation execution|risk assessment techniques|corrective action plans,project management|cross functional collaboration|troubleshoot manufacturing issues|sop development|capa leadership|regulatory submission support|vendor interaction|audit preparation,advanced statistical software|continuous manufacturing knowledge|product lifecycle management|predictive analytics|specialized filling technologies,problem solving|mentorship|conflict resolution|stakeholder communication|initiative
senior_process_engineer,Senior Process Engineer,Pharmaceutical Manufacturing,Senior,current good manufacturing practices|standard operating procedures|process design and architecture|regulatory strategy|quality system governance|strategic cost reduction,team leadership|budget management|vendor management|industry trends analysis|audit leadership|innovation implementation|supply chain integration|business case development,digital transformation strategy|ai machine learning in production|patent involvement|global supply chain optimization|intellectual property strategy,strategic thinking|negotiation|executive communication|vision setting|resilience
junior_quality_control_analyst,Junior Quality Control Analyst,Pharmaceutical Manufacturing,Junior,gmp compliance|sample preparation|basic instrumentation|clean room protocols|data recording|safety standards,hplc usage|ph measurement|spectrophotometry|titration methods|balance calibration|lab notebooks|batch record review|chemical handling,iso awareness|stability monitoring|sop documentation assistance|waste disposal protocols|equipment cleaning logs,attention to detail|teamwork|reliability|curiosity|clear reporting
quality_control_analyst,Quality Control Analyst,Pharmaceutical Manufacturing,Mid,gmp compliance|data integrity|deviation management|advanced instrumentation|clean room protocols|method execution,oos investigation|trend analysis|change control|calibration oversight|erp usage|mentorship|internal audits|process optimization,fmea application|validation protocol authoring|vendor assessment|automation support|project management,problem solving|critical thinking|communication|adaptability|collaboration
senior_quality_control_analyst,Senior Quality Control Analyst,Pharmaceutical Manufacturing,Senior,gmp compliance|quality system governance|root cause analysis|regulatory strategy|audit leadership|risk management frameworks,training program design|continuous improvement|stakeholder management|crisis management|budget planning|kpi definition|compliance trend forecasting,global liaison|technology roadmap|external auditor relations|cost reduction strategy|industry advocacy,strategic leadership|conflict resolution|negotiation|vision casting|high impact mentorship
junior_validation_engineer,Junior Validation Engineer,Pharmaceutical Manufacturing,Junior,gmp compliance|data integrity|iq oq pq|documentation,sop adherence|basic statistics|issue tracking|file management|quality metrics,excel pivot tables|iso 9001|powerpoint creation|simple coding|batch review,attention to detail|willingness to learn|clear communication|teamwork|reliability
validation_engineer,Validation Engineer,Pharmaceutical Manufacturing,Mid,gmp compliance|data integrity|iq oq pq|documentation|risk assessment|change control,user requirement specification|test script authoring|deviation handling|vendor qualification|root cause analysis|project scheduling|regulatory standards|audit support,csv knowledge|automation scripting|cloud infrastructure|lean methodology|cost reduction,problem solving|stakeholder management|critical thinking|adaptability|mentoring
senior_validation_engineer,Senior Validation Engineer,Pharmaceutical Manufacturing,Senior,gmp compliance|data integrity|iq oq pq|documentation|risk assessment|validation architecture,validation master planning|audit representation|cost optimization|cross functional leadership|complex troubleshooting|supplier governance|strategic planning,ai integration|global regulations|digital transformation|continuous improvement|intellectual property,strategic vision|negotiation|conflict resolution|decision making|organizational influence
junior_supply_chain_coordinator,Junior Supply Chain Coordinator,Pharmaceutical Manufacturing,Junior,erp usage|inventory tracking|shipping docs|excel skills|gmp awareness|accuracy focus,data entry|microsoft office|time management|verbal communication|warehouse safety|report generation|problem solving,basic quantitative analysis|second language|iso 9001 knowledge|batch release support,reliability|coachability|teamwork|punctuality
supply_chain_coordinator,Supply Chain Coordinator,Pharmaceutical Manufacturing,Mid,erp usage|inventory tracking|shipping docs|excel skills|gmp awareness|demand planning,kpi analysis|cross department collab|vendor relations|audit support|process optimization|data integrity|resource allocation,sap modules|lean methods|export regulations|predictive inventories,initiative|conflict resolution|accountability|peer mentoring
senior_supply_chain_coordinator,Senior Supply Chain Coordinator,Pharmaceutical Manufacturing,Senior,erp usage|inventory tracking|shipping docs|excel skills|gmp awareness|strategic planning,budget overview|regulatory strategy|team leadership|global sourcing|change control|risk management|technology adoption,ai integration|sustainability metrics|investor relations|merger acquisition sync,visionary leadership|negotiation mastery|emotional intelligence|crisis decisiveness
manufacturing_director,Manufacturing Director,Pharmaceutical Manufacturing,Mid,gmp compliance|production scheduling|quality control systems|cost reduction analysis|equipment validation|lean manufacturing principles,batch record review|sop development|change management protocols|kpi dashboard creation|audit preparation|inventory management|cross-functional collaboration,six sigma certification|iso standards expertise|predictive maintenance systems,problem-solving|clear communication|adaptability|conflict resolution
senior_manufacturing_director,Senior Manufacturing Director,Pharmaceutical Manufacturing,Senior,gmp compliance|quality control systems|lean manufacturing principles|strategic capacity planning|financial performance optimization|regulatory strategy alignment,global supply chain integration|technology transfer oversight|crisis management|talent development pipelines|merger acquisition due diligence|capital expenditure planning|stakeholder engagement,intellectual property awareness|sustainability initiatives|digital twin implementation,executive presence|visionary leadership|stakeholder negotiation|emotional intelligence|cultural transformation
technical_operations_manager,Technical Operations Manager,Pharmaceutical Manufacturing,Mid,operations management|cgmp regulatory compliance|quality assurance systems|preventive maintenance planning|incident response protocols,lean manufacturing|erp systems proficiency|change control management|kpi monitoring|supplier coordination|document control systems,lean six sigma green belt|computerized system validation|batch release authorization,communication|problem solving|time management
senior_technical_operations_manager,Senior Technical Operations Manager,Pharmaceutical Manufacturing,Senior,operations management|cgmp regulatory compliance|quality assurance systems|preventive maintenance planning|incident response protocols|strategic finance management,strategic sourcing|cross functional collaboration|root cause analysis advanced|audit preparation leadership|process optimization roadmap|stakeholder management,digital twin technology|predictive maintenance ai|global expansion logistics,leadership influence|negotiation|adaptability
junior_microbiologist,Junior Microbiologist,Pharmaceutical Manufacturing,Junior,aseptic technique|basic laboratory safety|microbial enumeration methods|good documentation practices|sterile media preparation|basic analytical instrumentation operation,quality control sampling techniques|incubator operation|ph meter calibration|reagent preparation|equipment cleaning protocols|basic report writing|safety waste disposal,microsoft excel proficiency|learning management system tracking|specific pathogen screening basics|batch record review assistance,attention to detail|honesty|ability to follow instructions|time management
microbiologist,Microbiologist,Pharmaceutical Manufacturing,Mid,aseptic technique|environmental monitoring analysis|out of specification investigation support|method validation execution|gmp compliance enforcement|sterilization process verification,data integrity management|trend analysis|batch release support|cross contamination controls|supplier qualification support|regulatory inspection readiness|internal audit participation,laboratory information system management|advanced microscopy|specific molecular testing|statistical software usage,problem solving|collaboration|mentoring juniors|clear communication
senior_microbiologist,Senior Microbiologist,Pharmaceutical Manufacturing,Senior,aseptic technique|environmental monitoring strategy|out of specification root cause resolution|method development and validation|gmp strategy implementation|risk assessment framework design,regulatory submission support|audit management|personnel training oversight|change control leadership|facility qualification strategy|quality system management|vendor relationship management,bioinformatics tools|advanced bioburden modeling|international regulatory navigation|cost optimization strategies,leadership|strategic planning|conflict resolution|stakeholder management
junior_continuous_improvement_specialist,Junior Continuous Improvement Specialist,Pharmaceutical Manufacturing,Junior,gmp compliance|data entry|lean tools|doc control|basic rca|excel spreadsheet,five whys|kanban|sop reading|visual management|quality metrics|basic statistics|batch review,six sigma green|basic sql|simulation tool|iso 13485,attention to detail|receptive to feedback|time management|teamwork
continuous_improvement_specialist,Continuous Improvement Specialist,Pharmaceutical Manufacturing,Mid,gmp compliance|data analysis|lean methodologies|doc standards|advanced rca|project mgmt,cross functional communication|audit support|capa management|validation planning|kpi tracking|vendor management|software advanced|training delivery,sap module|python scripting|ai prediction|digital thread,conflict resolution|prioritization|coaching technique|active listening|adaptability
senior_continuous_improvement_specialist,Senior Continuous Improvement Specialist,Pharmaceutical Manufacturing,Senior,gmp compliance|data strategy|lean leadership|qa systems|risk based rca|strategic planning,org wide transformation|executive reporting|global alignment|culture shift|budget authority|crisis response|external stakeholders|system architecture,m a integration|regulatory negotiation|predictive supply chain|patent process literature|board level advocacy,executive presence|ethical decision making|strategic vision|negotiation|resilience
junior_regulatory_affairs_associate,Junior Regulatory Affairs Associate,Pharmaceutical Manufacturing,Junior,regulatory submission support|gmp compliance knowledge|document management systems|standard operating procedures (sop) adherence|product registration databases|regulatory terminology tracking,literature search|basic data entry|cross-functional communication|quality assurance basics|regulatory filing formats|timeline tracking,foreign language proficiency|excel advanced functions|clinical trial monitoring basics|regulatory intelligence software familiarity,attention to detail|willingness to learn|time management|effective communication
regulatory_affairs_associate,Regulatory Affairs Associate,Pharmaceutical Manufacturing,Mid,regulatory submission support|gmp compliance knowledge|document management systems|standard operating procedures (sop) adherence|regulatory strategy development|change control management,regional authority interaction|audit preparation|contract manufacturer oversight|risk assessment documentation|regulatory intelligence analysis|market access coordination,market authorization maintenance|post-approval variations management|expedited pathways experience|international health authority relationships|regulatory affairs information systems administration,problem solving|adaptability|stakeholder management|decision making under pressure
senior_regulatory_affairs_associate,Senior Regulatory Affairs Associate,Pharmaceutical Manufacturing,Senior,regulatory submission support|gmp compliance knowledge|document management systems|standard operating procedures (sop) adherence|regulatory architecture design|global portfolio oversight,cross-functional team leadership|inspection readiness management|strategic vendor oversight|benefit-risk assessment|regulatory policy interpretation|cost-benefit analysis for pathways|government affairs liaison,legislative advocacy involvement|orphan drug designation expertise|biosimilar pathway strategies|artificial intelligence in regulatory data,strategic thinking|leadership|conflict resolution|mentoring others|business acumen
junior_maintenance_technician,Junior Maintenance Technician,Pharmaceutical Manufacturing,Junior,gmp compliance|preventive maintenance execution|electrical troubleshooting basics|lockout tagout procedures,hand tool usage|mechanical assembly basics|sop adherence|cleanroom hygiene|basic documentation logging|safety protocol adherence,forklift certification|autoclave operation|water system basics,attention to detail|teamwork|willingness to learn
maintenance_technician,Maintenance Technician,Pharmaceutical Manufacturing,Mid,gmp compliance|preventive maintenance execution|electrical troubleshooting basics|lockout tagout procedures|automated line troubleshooting|validation documentation,programmable logic controllers|predictive maintenance strategies|root cause analysis|change control management|instrumentation calibration|wastewater treatment basics,robotics integration|scada interface configuration|project management fundamentals,problem solving|communication|time management|accountability
senior_maintenance_technician,Senior Maintenance Technician,Pharmaceutical Manufacturing,Senior,gmp compliance|preventive maintenance execution|electrical troubleshooting basics|lockout tagout procedures|automated line troubleshooting|capital project oversight,asset lifecycle management|regulatory audit preparation|hvac contamination control architecture|process validation strategy|mentoring junior technicians,iot implementation|api interface integration|budget forecasting,strategic thinking|conflict resolution|leadership
plant_controller,Plant Controller,Pharmaceutical Manufacturing,Mid,month end close|gl maintenance|inventory valuation|regulatory documentation|batch costing|internal control execution,variance analysis|budget preparation|ap ar reconciliation|erp proficiency|cash flow monitoring|tax filing support|audit coordination,sap fico knowledge|data visualization tools|lean accounting|iso certification understanding,attention to detail|clear communication|time management|teamwork|problem solving
senior_plant_controller,Senior Plant Controller,Pharmaceutical Manufacturing,Senior,month end close oversight|gl consolidation|inventory governance|regulatory compliance strategy|batch costing analysis|internal control architecture,strategic planning|risk management|erp system optimization|stakeholder engagement|capital budgeting|process improvement|financial forecasting models,digital transformation leadership|sustainability reporting|m&a support|advanced analytics implementation,executive leadership|negotiation|conflict resolution|decision making|mentoring talent
quality_systems_lead,Quality Systems Lead,Pharmaceutical Manufacturing,Mid,gmp compliance|document control procedures|deviation management|corrective and preventive action (capa) execution|internal audit planning|change control administration,risk assessment tools|batch record review|data integrity standards|supplier quality monitoring|training matrix management|lab information management systems|complaint handling procedures,six sigma green belt|veeva quality modules|statistical process control (spc)|lean manufacturing techniques|iso 9001 implementation,clear technical communication|analytical problem solving|teamwork and collaboration|adaptability to regulatory changes|ethical judgment
senior_quality_systems_lead,Senior Quality Systems Lead,Pharmaceutical Manufacturing,Senior,gmp compliance oversight|quality system architecture design|regulatory inspection leadership|change control governance|deviation and investigation oversight|internal audit strategy,enterprise risk management framework|cost of quality analysis|global regulatory landscape navigation|vendor qualification strategy|quality data analytics|crisis management and escalation|contract manufacturer oversight|continuous improvement methodology,predictive quality analytics|qms digital transformation strategy|industry standard setting participation|executive board presentation|mentorship program development,strategic decision making|stakeholder management|persuasive negotiation|conflict resolution|vision articulation
environmental_health_and_safety_manager,Environmental Health and Safety Manager,Pharmaceutical Manufacturing,Mid,regulatory compliance adherence|safety management system implementation|workplace incident investigation|hazardous waste management|emergency response protocols,employee safety training delivery|internal audit execution|chemical hygiene plan maintenance|contractor safety coordination|ergonomic risk assessment|safety performance metric analysis|osha recordkeeping maintenance,iso 45001 certification expertise|sustainability report preparation|lean six sigma yellow belt|behavioral based safety observation,clear verbal communication|analytical problem solving|collaborative team building|conflict resolution
senior_environmental_health_and_safety_manager,Senior Environmental Health and Safety Manager,Pharmaceutical Manufacturing,Senior,strategic regulatory compliance adherence|enterprise safety management system architecture|major incident investigation leadership|advanced hazardous waste lifecycle management|crisis emergency response command|executive safety advisory,cross functional safety collaboration|senior leadership coaching|complex policy development|financial impact analysis|supplier safety audits|merger acquisition safety due diligence|technology integration for safety,global regulatory equivalence mapping|artificial intelligence safety tools|environmental justice initiatives|public relations during crises,executive presence|emotional intelligence|persuasive negotiation|visionary leadership
senior_vice_president_of_manufacturing,Senior Vice President of Manufacturing,Pharmaceutical Manufacturing,Senior,gmp regulatory compliance oversight|global supply chain strategy|p&l ownership and budgeting|c-suite executive leadership|pharmaceutical production operations management|risk assessment and mitigation strategies,lean manufacturing methodologies|six sigma process improvement|capital expenditure planning|quality assurance system integration|cross-functional team collaboration|technology transfer oversight|vendor relationship management|operational data analytics,digital factory implementation|bioprocessing scale-up experience|sustainable manufacturing practices|mergers and acquisitions due diligence|continuous process verification systems,executive communication|change management leadership|critical decision making|talent development and retention|emotional intelligence
